1.4200	-0.0600	-0.5090	1.5097
1.1400	-0.5200	0.2925	1.2867
0.6700	-1.0600	0.2237	1.2738
0.0600	0.4900	-1.2748	1.3670
-0.8900	-0.9600	-0.6737	1.4723
0.9200	-0.6600	-0.2714	1.1643
-0.5900	0.7800	-1.0964	1.4692
0.7000	-0.4500	-0.7594	1.1266
-0.2400	0.7000	-0.8340	1.1150
1.0900	0.7200	-0.4280	1.3747
0.5000	-0.6800	-1.1516	1.4278
1.2200	-0.1200	-0.7080	1.4156
-0.8800	1.0000	-0.2460	1.3546
1.2100	0.0800	-0.8580	1.4855
0.4900	1.3300	-0.3719	1.4654
-0.6400	-0.7900	-0.9970	1.4240
0.8500	1.0100	-0.5662	1.4364
0.4200	-0.4600	-0.9423	1.1296
0.7100	0.8700	-0.6894	1.3177
0.8200	-1.1500	-0.3979	1.4674
-0.0100	-0.9400	-0.7780	1.2202
0.7000	-0.7500	-0.8471	1.3304
1.2500	-0.3800	-0.6689	1.4678
0.9600	0.7300	-0.7321	1.4108
0.2500	-0.1400	-1.3414	1.3717
0.6900	-0.1000	-0.8347	1.0876
1.1100	0.2800	-0.2561	1.1731
0.3700	0.3800	-0.9572	1.0943
-0.3800	-0.6300	-1.0633	1.2930
1.1600	-0.5400	-0.7112	1.4639
0.9200	-0.2700	-0.9170	1.3267
-0.3500	0.0600	-1.1970	1.2486
0.0000	0.6000	-1.1030	1.2556
-0.8600	-0.6500	-0.7697	1.3246
0.5000	-0.0200	-1.1320	1.2377
0.2200	-0.4400	-1.2208	1.3162
-0.0300	-0.9800	-1.1940	1.5450
-0.0500	-1.0000	-0.9320	1.3679
-1.4300	-0.4400	-0.3960	1.5477
-1.4700	0.1100	-0.1634	1.4831
-1.3100	-0.0300	-0.5930	1.4383
-0.5900	1.0600	-0.7342	1.4180
-0.9700	0.2700	-0.7420	1.2507
-0.7900	1.0500	0.0349	1.3145
0.6600	-0.4200	-1.1242	1.3696
-0.4300	-0.7100	-1.0390	1.3299
0.6900	-0.5100	-0.8851	1.2327
-0.5900	1.0400	-0.2700	1.2258
0.4300	-1.0900	-0.5710	1.3035
0.9400	0.1400	-0.7901	1.2359
-0.1400	-1.2900	-0.6758	1.4630
0.4800	0.0700	-0.9404	1.0581
1.0600	-0.0100	-0.3976	1.1322
0.8800	0.4700	-0.7021	1.2199
0.4500	0.2700	-1.0621	1.1847
1.1300	0.4200	-0.7510	1.4203
0.7100	-1.1500	-0.1770	1.3631
-1.0200	-0.0900	-0.3738	1.0901
-0.2500	-0.5000	-1.1179	1.2499
0.2300	0.8500	-0.7679	1.1684
0.1900	-0.7000	-1.1368	1.3485
0.6500	0.9000	-0.3830	1.1744
-0.5300	-1.2700	-0.3780	1.4271
0.7400	0.9800	0.0940	1.2316
-0.3400	-0.9800	-0.9071	1.3780
-0.3900	0.8200	-0.6208	1.1000
-0.2600	-1.3500	-0.5020	1.4636
0.2600	1.1100	-0.7830	1.3830
-0.4300	-0.4500	-1.1248	1.2855
1.4600	-0.0700	-0.3065	1.4935
0.8800	0.9800	-0.5910	1.4436
0.0900	1.2100	-0.8558	1.4848
0.0700	-1.2300	-0.0375	1.2326
1.0200	1.0800	0.1610	1.4942
0.2400	-0.4300	-1.2602	1.3530
0.5900	0.1700	-0.9610	1.1404
0.7900	0.0800	-1.0500	1.3164
-0.5300	0.3600	-0.8270	1.0461
-0.5300	0.6500	-0.7719	1.1398
-0.1800	0.2100	-1.3984	1.4255
0.4200	-0.3200	-1.3105	1.4129
0.5100	0.7400	-1.1406	1.4521
0.1300	-1.3700	-0.7008	1.5443
0.9500	0.6700	-0.4660	1.2524
0.2800	-0.0200	-1.0900	1.1256
0.0600	0.9800	-0.8450	1.2954
0.0500	-0.0400	-1.0548	1.0567
0.1100	1.0900	-0.5599	1.2303
-0.8900	-0.2500	-0.7450	1.1873
-0.3500	0.4200	-1.3060	1.4158
-0.3400	-0.5600	-1.2749	1.4334
0.5100	0.7700	-0.9455	1.3218
0.9800	-0.7000	-0.8831	1.4934
1.3000	0.6400	-0.3080	1.4814
0.1800	-0.8700	-1.0456	1.3721
0.3700	-0.6300	-1.2140	1.4169
0.8100	0.4600	-0.4117	1.0184
-0.3800	0.4300	-0.9790	1.1348
-0.8400	0.4600	-0.9280	1.3336
0.8000	0.1400	-1.1165	1.3806
0.5900	-0.2400	-0.8840	1.0896
1.3900	0.0900	-0.2812	1.4210
0.1200	0.4700	-1.3180	1.4044
1.1300	-0.0500	-0.7980	1.3843
-1.1900	0.3200	-0.7950	1.4665
1.0000	-0.0900	-0.6520	1.1972
-0.0600	0.0500	-0.9935	0.9966
0.7900	0.2400	-1.0685	1.3503
-0.4100	0.7600	-1.1830	1.4646
0.8900	-0.1500	-0.6120	1.0905
0.3700	0.2900	-1.1422	1.2352
1.1500	-0.0400	0.1610	1.1619
0.1600	0.8600	-0.8720	1.2351
1.3000	-0.1100	-0.1061	1.3090
0.6800	0.5900	-0.5570	1.0587
0.7900	-0.4200	-0.9368	1.2954
0.7400	0.0200	-0.7706	1.0686
-0.0900	-0.0900	-1.4376	1.4432
-0.1700	1.1000	-0.3500	1.1668
0.8400	-1.0600	0.2010	1.3673
0.6300	-0.6700	-0.6080	1.1025
1.0700	0.5300	-0.1400	1.2022
1.4200	-0.2700	0.1640	1.4547
0.6900	-0.3200	-0.9329	1.2037
0.7600	-0.0700	-0.8050	1.1093
0.0800	-0.0800	-1.1670	1.1725
-0.1500	-0.4500	-1.2450	1.3323
1.2800	-0.3000	0.2830	1.3448
1.0600	0.6000	0.1560	1.2280
-0.1800	-0.2100	-1.1588	1.1914
1.1200	-0.2300	0.2190	1.1642
1.2100	-0.4600	-0.4570	1.3728
0.8400	-1.1100	-0.3140	1.4270
0.6100	0.6600	-0.8740	1.2536
0.6900	-0.4100	-0.8940	1.2014
0.6100	-0.9000	-0.9052	1.4147
0.7400	0.5800	-1.0296	1.3943
1.0200	0.1400	-0.5650	1.1744
0.1100	-0.6600	-1.0780	1.2688
1.3100	0.1600	-0.3630	1.3687
-1.0000	-0.0300	-0.8840	1.3350
-0.3500	-0.2900	-1.0833	1.1748
0.4000	0.0600	-1.0203	1.0975
1.1900	-0.4700	-0.2730	1.3083
-0.1800	-0.6000	-0.8890	1.0875
0.4800	0.3000	-1.1265	1.2607
1.1100	0.3000	-0.9820	1.5121
0.9700	0.8600	-0.2570	1.3216
0.7300	0.3600	-0.7960	1.1385
-0.2300	0.6500	-0.9850	1.2023
0.6100	-0.1300	-1.2225	1.3724
1.0000	0.8100	-0.6630	1.4476
-0.1600	0.6400	-1.2360	1.4010
0.0600	-0.7300	-1.0960	1.3182
0.6000	0.5600	-1.1770	1.4349
0.9600	-0.0600	-0.8240	1.2666
0.4600	-1.2300	0.1577	1.3226
0.2400	-1.3200	-0.3510	1.3868
1.3800	0.3800	-0.2598	1.4547
0.9500	0.1900	-0.7340	1.2155
0.7500	-0.8400	-0.4901	1.2281
0.6500	-0.0800	-1.0534	1.2404
0.6000	0.4900	-0.7690	1.0915
0.7000	0.0600	-1.1270	1.3281
0.3800	-0.9100	-0.9350	1.3589
0.8100	0.0900	-1.1148	1.3809
0.6600	0.4300	-0.7100	1.0605
0.7600	0.8000	-0.3780	1.1664
0.9900	0.2200	-1.1029	1.4983
-0.2500	0.2000	-1.3880	1.4244
0.4200	1.0000	-0.8064	1.3515
0.7100	-0.1900	-0.8320	1.1101
0.7900	-0.4300	-0.6430	1.1056
0.3300	-0.1400	-1.3060	1.3543
0.0600	1.0400	-0.2030	1.0613
0.8500	0.2100	-0.9680	1.3052
0.6900	-0.5200	-1.1001	1.3988
0.5600	-0.3600	-0.8960	1.1163
-0.4200	0.9800	-0.3450	1.1206
0.8700	-0.1100	-0.9440	1.2885
0.7400	-0.4000	-0.8280	1.1803
0.9100	-0.4300	-0.8870	1.3416
0.5100	0.3700	-0.7900	1.0105
0.9300	0.8500	-0.3300	1.3024
1.0500	0.2700	-0.6540	1.2661
-0.1600	-0.0100	-1.2967	1.3066
0.5260	-0.8300	-0.5560	1.1290
1.0600	0.1500	-0.2090	1.0908
0.1000	-0.8700	-1.1170	1.4194
0.5600	0.2500	-1.3200	1.4555
0.0800	-0.4300	-1.3424	1.4119
-0.1000	0.8500	-1.0590	1.3616
0.8300	0.9100	-0.7940	1.4654
0.8300	0.1800	-0.5000	0.9855
0.0000	0.5900	-1.0977	1.2462
0.1800	-0.8200	-0.5387	0.9975
-0.4680	0.4500	-1.0570	1.2405
1.2300	0.5900	-0.4180	1.4268
0.5700	-0.5200	-1.1443	1.3801
0.0400	-0.9100	-0.6720	1.1319
-0.4900	1.1300	-0.7230	1.4282
1.3400	0.3600	-0.5350	1.4871
0.7600	0.1300	-0.5530	0.9488
-0.1300	-0.5200	-1.0874	1.2123
-0.2460	-0.4500	-1.1080	1.2209
1.1300	-0.2800	-0.3680	1.2210
0.5800	-0.4400	-0.7107	1.0174
-0.1200	-0.6500	-1.0080	1.2054
-0.5300	-0.4900	-1.2800	1.4695
1.1300	0.3600	-0.4880	1.2824
0.3300	-1.2900	-0.6820	1.4960
0.5200	-0.5500	-0.8465	1.1355
-0.6000	-0.9100	-0.8208	1.3645
-0.5380	-0.5100	-0.8410	1.1211
0.7500	0.2700	-0.6600	1.0349
0.7200	-0.6200	-1.2235	1.5491
0.0500	0.8400	-1.1101	1.3930
0.2700	-1.1000	-0.6497	1.3058
-0.8100	0.0500	-1.0800	1.3509
1.0300	-0.6800	-0.2110	1.2521
0.9400	-0.0600	-0.2248	0.9684
0.4000	-0.4000	-1.3698	1.4820
0.3840	-0.4400	-1.2210	1.3535
1.0700	0.6200	-0.3780	1.2931
-0.9400	-0.8000	-0.6400	1.3904
0.2800	0.2200	-1.2555	1.3050
-0.3230	0.2900	-1.1220	1.2030
0.3700	-1.1900	-0.5030	1.3439
-0.5900	0.2800	-1.2117	1.3765
0.1000	0.6300	-1.0169	1.2004
-0.5800	-0.5300	-1.2840	1.5053
-0.3600	-0.2100	-1.1860	1.2571
-0.2100	-0.8600	-0.6270	1.0848
0.2400	1.1800	-0.4873	1.2990
-0.7540	-0.5900	-0.9013	1.3149
0.5500	0.9200	-0.4500	1.1625
0.3200	-0.8600	-1.1530	1.4736
0.9600	-0.0400	-0.6551	1.1629
-0.4390	-0.5400	-1.0404	1.2517
1.0500	-0.6800	-0.6553	1.4122
0.6000	-1.3200	-0.0730	1.4518
0.0200	0.9800	-0.9356	1.3550
-0.9000	-0.4500	-0.7090	1.2309
-0.4100	-1.0400	-0.0798	1.1207
0.2400	1.0500	-0.3417	1.1300
0.6500	-0.9000	0.2890	1.1472
0.6800	0.9800	-0.5862	1.3291
-1.0600	-0.5800	-0.7760	1.4360
-0.2000	0.2100	-1.4580	1.4866
1.3200	-0.0200	-0.2760	1.3487
0.5900	-1.2000	-0.4800	1.4207
0.6200	1.1000	-0.7697	1.4788
-1.0400	-0.3800	-0.7550	1.3402
-0.7700	0.3500	-1.0047	1.3133
-0.1700	0.9500	-1.1090	1.4701
0.5100	-0.8900	-0.0340	1.0263
-0.6800	-0.1300	-1.2740	1.4500
-0.8200	-0.6600	-0.6280	1.2257
-1.0100	0.6200	-0.8100	1.4355
1.3400	-0.0800	-0.2130	1.3592
-0.7000	-0.6000	-0.7480	1.1872
0.3600	-0.8300	-1.0681	1.3998
1.4300	-0.1500	0.3120	1.4713
-0.0800	-0.8700	-0.6540	1.0913
0.5300	-0.4600	-1.0814	1.2892
-0.5300	-0.9000	-0.4182	1.1251
1.2300	0.5700	-0.3400	1.3976
-0.9300	-0.5200	-0.9780	1.4463
-0.9100	-0.8500	-0.6719	1.4149
1.1300	-0.3400	-0.0410	1.1808
-0.9400	-0.4500	-0.5620	1.1840
-0.6500	-0.7000	-1.0373	1.4101
1.1900	-0.2700	-0.8040	1.4613
-0.5500	0.0600	-1.2315	1.3501
0.9800	0.0500	0.7530	1.2369
1.1100	0.9100	0.1970	1.4488
0.5700	-0.7800	-0.8070	1.2588
0.0400	-1.0200	-0.9710	1.4088
1.2100	0.6000	-0.5060	1.4423
-0.8800	-0.9200	-0.4280	1.3431
0.6100	0.8700	-0.3026	1.1048
0.7100	0.5700	-0.4370	1.0099
0.5000	0.2700	-1.0153	1.1635
0.4400	0.1400	-0.9490	1.0554
1.1200	0.2600	-0.0340	1.1503
-0.5500	-0.8400	-0.6607	1.2019
0.9000	0.0000	0.2930	0.9465
1.2100	0.1200	-0.2710	1.2458
0.0900	0.0700	-1.3810	1.3857
0.8000	0.3500	0.6173	1.0694
0.7600	0.7400	0.7375	1.2919
-0.1000	-0.2100	-1.4061	1.4252
0.8000	1.0800	-0.3720	1.3946
0.5000	1.3200	0.3400	1.4519
0.0100	0.8300	-1.0403	1.3309
1.0400	0.9500	0.3460	1.4505
-0.1400	1.3600	-0.2080	1.3829
-0.1400	-1.3100	-0.2336	1.3380
0.7200	0.9500	-0.7840	1.4267
0.1400	0.0100	-1.0332	1.0427
-0.4800	0.0200	-1.3194	1.4041
1.0200	0.2100	-0.7210	1.2666
0.6800	0.8000	-0.8659	1.3609
-0.1600	0.7500	-0.6558	1.0090
1.1600	0.1900	-0.6402	1.3385
0.8700	0.2500	-0.4570	1.0140
0.4400	0.5800	-0.9192	1.1726
0.6700	-0.2000	-0.8680	1.1146
0.5700	1.3300	-0.1320	1.4530
0.3300	0.8600	-0.5769	1.0869
1.2100	0.4200	0.1980	1.2960
1.2100	0.4500	-0.2610	1.3171
0.2100	0.6700	-0.7604	1.0350
0.7800	0.6200	-0.9230	1.3582
0.5200	1.2300	0.3200	1.3732
-0.6500	0.7600	-0.5680	1.1501
1.0600	0.7000	-0.3534	1.3185
1.1300	0.0400	-0.7270	1.3443
0.0500	0.8200	-0.7616	1.1202
1.1700	0.4600	-0.1690	1.2685
-0.4000	0.1500	-0.9045	1.0003
-1.0900	0.6400	-0.4004	1.3259
1.0600	0.9300	-0.2595	1.4338
-0.3200	1.1900	-0.5490	1.3490
-1.1600	0.0200	-0.4852	1.2575
1.2500	-0.0400	-0.4480	1.3285
1.2300	-0.3000	0.0644	1.2677
-0.0900	0.3100	-1.2770	1.3172
1.0700	0.3400	-0.5900	1.2683
0.6600	0.7200	-0.8320	1.2831
-0.1500	-0.3100	-1.4177	1.4589
0.7200	0.1700	-1.0560	1.2894
0.9700	-0.2500	-0.7390	1.2448
-0.7500	0.4900	-1.0233	1.3600
0.6700	0.8700	-0.0660	1.1001
0.4000	-0.2400	-1.2830	1.3652
-0.0100	-0.5600	-1.3240	1.4376
1.3600	-0.3700	-0.4210	1.4710
-0.9000	0.4000	-0.7516	1.2389
-0.7000	-0.9300	-0.4376	1.2435
0.1600	-0.9900	-1.0708	1.4671
-0.9100	0.0300	-1.1607	1.4752
-0.3300	0.7900	-0.3872	0.9396
0.9900	0.0700	-0.6470	1.1847
-0.7900	-0.6900	-0.9689	1.4279
-0.1200	-0.0400	-1.2825	1.2887
0.8600	-0.8900	-0.7170	1.4303
-0.0800	0.3700	-1.4260	1.4754
0.0000	-1.0200	-1.1280	1.5208
-0.6200	-0.7300	-0.8132	1.2564
1.1900	0.1900	-0.5920	1.3426
-0.2900	0.2500	-1.1254	1.1887
-0.6100	-1.4100	-0.4140	1.5911
-0.1400	0.5200	-0.8411	0.9987
0.8700	-0.3500	-0.7535	1.2030
-0.7100	1.0800	-0.7030	1.4713
-0.9900	0.5700	-0.9771	1.5032
-1.1700	-0.0600	-0.5738	1.3045
-0.8100	-0.5900	-0.6490	1.1939
-0.2600	-0.6100	-1.2615	1.4252
-0.2100	-0.9100	-1.1581	1.4877
-0.9300	-0.2700	-0.5100	1.0945
-1.0400	0.4300	-0.4430	1.2094
-0.8500	-0.5700	-0.7190	1.2507
-0.2400	-0.9100	-0.5470	1.0885
-1.1100	-0.5700	-0.3160	1.2872
-0.3500	-1.4100	-0.5469	1.5523
0.9200	-0.1000	-0.9480	1.3248
0.8600	-0.9200	0.2610	1.2861
0.9500	-1.1100	-0.1530	1.4690
0.9500	-0.2200	-1.0530	1.4352
0.4600	-1.3700	-0.3300	1.4824
-0.1000	-0.4600	-1.3095	1.3915
0.7300	-0.9700	-0.5360	1.3271
-0.1000	-0.8500	-0.6680	1.0857
-0.8400	-0.2200	-0.9974	1.3224
-0.9200	0.6200	-0.8189	1.3789
-0.9400	-0.1500	-0.8027	1.2452
-1.0300	0.5000	-0.6130	1.2987
0.3700	-0.7300	-1.0900	1.3630
-0.8800	-0.5500	-0.3690	1.1014
-0.9100	-0.7700	-0.6230	1.3450
0.3000	-0.7600	-1.0290	1.3139
0.4300	-1.1700	-0.5030	1.3442
-0.0300	-0.8000	-0.7220	1.0780
0.1900	-0.4100	-1.3510	1.4246
0.6600	-0.1000	-1.2630	1.4286
0.5400	-0.7500	-0.6400	1.1241
0.4100	-0.7900	-0.7280	1.1499
0.5300	-0.2700	-1.0490	1.2059
1.1500	-0.4600	-0.4570	1.3202
0.8600	-0.4600	-0.4450	1.0720
0.6400	-0.0200	-0.7590	0.9930
0.8900	0.1200	-1.0140	1.3545
0.6500	0.9500	-0.4940	1.2526
0.4800	-0.7300	-1.1170	1.4181
0.3200	-0.8000	-1.1500	1.4370
0.9600	-0.5500	-0.7090	1.3141
-0.4200	-1.0000	-0.7930	1.3436
0.0900	0.9400	-0.2020	0.9657
-0.2900	-0.6600	-0.9150	1.1649
0.9400	0.3900	-0.8020	1.2957
-1.2000	0.2500	-0.7450	1.4344
-0.6700	-0.1300	-0.7450	1.0104
-1.0000	-0.6400	-0.1860	1.2017
-0.0100	-0.9600	-1.1356	1.4870
-0.4000	1.1300	0.3160	1.2397
-0.1300	-0.4900	-1.2691	1.3666
-0.7300	0.7000	0.2200	1.0350
0.3000	-0.6800	-0.8080	1.0978
-0.5300	1.0000	-0.1570	1.1426
1.1300	-0.0400	-0.4700	1.2245
-0.8600	1.1400	-0.2563	1.4508
0.9200	0.5900	-0.6740	1.2840
-0.9500	0.9600	-0.0342	1.3510
0.2200	0.5900	-0.8381	1.0483
0.0000	1.1900	-0.3324	1.2356
1.1100	0.7500	-0.3750	1.3911
-1.2300	0.3700	-0.7608	1.4929
0.9000	-0.0800	-0.9960	1.3448
-0.8800	0.8600	-0.7504	1.4412
0.5400	-0.5700	-0.8720	1.1734
-0.5300	0.6400	0.9033	1.2274
1.0200	0.2300	-0.6004	1.2057
-1.1400	-0.1800	-0.4439	1.2366
0.9200	0.3400	-0.6270	1.1641
-0.7300	0.4800	-1.0441	1.3614
1.1200	0.1000	-0.2320	1.1481
-0.9900	-0.0800	-0.7950	1.2722
0.8900	0.1400	-0.7605	1.1790
-0.5400	0.3900	-0.8039	1.0440
0.4400	0.3400	-1.2700	1.3864
-0.4600	-0.2900	-0.8674	1.0237
1.2300	-0.1300	-0.4845	1.3284
-0.3600	0.5300	-0.8710	1.0813
0.7600	0.9200	-0.7880	1.4300
-0.9900	0.2500	-0.5757	1.1722
0.8900	0.3700	-0.5940	1.1322
-0.8800	0.4100	-0.8500	1.2903
0.7300	-1.0000	-0.4760	1.3265
-0.2400	0.2200	-1.1901	1.2338
0.8300	0.2200	-1.2269	1.4975
-1.0400	-0.3300	-0.9430	1.4421
-0.3800	-0.2400	-1.4019	1.4722
-0.1800	-0.9500	-1.0720	1.4436
0.1500	-1.2900	-0.4540	1.3758
-0.4900	-0.1200	-1.2730	1.3693
1.2200	-0.0500	-0.3910	1.2821
-0.8400	-0.5500	-1.0406	1.4460
0.5500	0.1100	-1.2110	1.3346
-0.7400	0.8600	-0.7717	1.3721
-0.3700	-0.3300	-0.9022	1.0294
-0.9900	0.2400	-0.8967	1.3571
1.1700	0.2700	-0.5903	1.3380
-0.7100	-0.1200	-1.0470	1.2707
0.6000	0.6800	-0.4515	1.0130
-0.8600	-0.4500	-0.3093	1.0187
0.7600	-0.0500	-1.1260	1.3594
-0.8100	-0.6800	0.4797	1.1613
0.1200	-1.1700	-0.8818	1.4700
-0.9800	-0.7900	-0.4151	1.3254
1.3800	-0.2500	0.0120	1.4025
-1.0300	-0.7500	-0.1560	1.2836
1.3600	-0.0800	-0.2974	1.3944
-0.7600	-1.1700	-0.3786	1.4456
0.9500	-0.3700	-1.0170	1.4400
-0.9700	-0.9900	-0.5768	1.5012
0.3300	-0.4800	-0.8530	1.0329
-0.9800	-0.6400	-0.0500	1.1715
1.2000	-0.4100	-0.2920	1.3013
-0.8500	-0.4800	-0.7360	1.2225
0.8500	0.3100	-0.7210	1.1569
-0.1700	-0.9500	-0.8246	1.2694
0.5600	-0.7800	-0.6580	1.1640
-1.2600	-0.4900	0.3460	1.3955
0.5000	-0.5600	-0.7324	1.0488
-0.2600	-0.7200	-0.9102	1.1893
0.5900	-0.9100	-0.2968	1.1244
-0.9300	-0.2700	-0.4089	1.0512
0.5700	-0.5900	-0.5910	1.0111
-0.9000	-0.1900	-0.3865	0.9977
-0.2500	-0.4500	-1.1520	1.2618
-0.5000	-0.8700	-0.5330	1.1362
-0.5600	-0.7500	-1.0988	1.4434
0.1300	-0.3600	-1.4029	1.4542
0.3800	-0.8300	-0.4330	1.0103
-1.1200	-0.8600	-0.3856	1.4638
0.2200	0.2700	-1.0781	1.1330
0.4600	-0.5500	-1.0290	1.2542
-0.4700	-1.0900	-0.3820	1.2470
-0.9000	-0.8100	-0.3880	1.2715
-0.1800	-0.9700	-0.2410	1.0156
-0.9700	-0.5800	-0.2550	1.1586
-1.0300	0.0100	0.0300	1.0305
0.8000	-0.3900	-0.5610	1.0521
-0.6500	0.0200	-1.2700	1.4268
-1.2300	0.0800	0.2740	1.2627
0.2900	-0.1400	-1.2970	1.3364
-0.6200	-1.1400	-0.4950	1.3889
-0.5300	-0.0200	-1.1773	1.2913
0.8200	-0.5300	-1.1595	1.5158
-1.0900	-0.6600	-0.4640	1.3561
-0.1700	-0.7600	-1.0782	1.3300
0.1300	-1.1200	-0.6060	1.2801
-1.2900	-0.0300	-0.3882	1.3475
-1.1100	-0.5000	-0.1520	1.2269
0.6200	-0.8900	-0.2502	1.1131
-0.8000	-0.6400	-0.5311	1.1540
-1.1300	0.0600	-0.8697	1.4272
-1.1000	-0.0800	-0.5650	1.2392
-0.6700	-1.1800	-0.2694	1.3834
-0.9500	0.3000	-0.3281	1.0489
-0.3600	-1.3100	0.1290	1.3647
-1.1100	-0.7100	-0.5135	1.4142
-1.2800	0.1100	-0.2180	1.3031
-0.7400	-0.5800	-0.6594	1.1484
-0.1800	-1.1200	-0.6100	1.2880
-1.0300	-0.4900	0.2020	1.1584
0.3900	-0.7100	-0.7074	1.0755
0.5300	-1.2800	-0.5076	1.4755
-0.5900	0.4700	-0.7890	1.0916
-1.2800	-0.4800	-0.5700	1.4811
-1.2100	-0.6900	-0.2811	1.4210
-0.5700	0.0800	-0.9505	1.1112
-0.7300	-0.9400	-0.8326	1.4525
-1.0500	0.0100	-0.0359	1.0507
0.6400	-0.4800	-0.9410	1.2351
-0.2100	-0.9600	-0.4927	1.0993
-0.7400	-1.0400	-0.4085	1.3402
0.3210	0.3900	-1.1708	1.2751
-0.3200	-0.8600	-0.4318	1.0141
-0.9400	0.0600	-0.6580	1.1490
-0.8300	-0.6900	-0.6916	1.2819
0.1400	-0.8600	-0.7310	1.1373
-0.1600	-1.3600	-0.5376	1.4711
-0.0200	-0.0700	-1.0985	1.1009
-0.5500	-0.8600	-0.4749	1.1259
0.3900	-0.5700	-1.3200	1.4898
-0.9600	0.6200	-0.3491	1.1949
-0.9300	-0.5200	-0.3051	1.1083
-0.9100	-0.4900	-0.7602	1.2830
-0.9900	0.1800	-0.8960	1.3473
-1.3000	-0.4000	-0.5102	1.4527
-0.5100	0.0600	-1.1133	1.2260
-1.0700	0.1000	-0.7725	1.3235
-0.4500	-0.8400	-0.6630	1.1609
-1.2200	0.0900	-0.4170	1.2924
-0.8400	0.1300	-1.0982	1.3887
0.7500	-1.0100	-0.4970	1.3526
-0.3700	0.6400	-0.9850	1.2316
-1.1600	-0.8100	-0.1648	1.4244
-0.5300	0.3700	-1.1630	1.3306
-0.6320	0.0900	-1.2468	1.4007
-1.2700	-0.5700	0.0599	1.3933
-0.3100	-1.1100	-0.4083	1.2227
-0.0240	0.6100	-1.2550	1.3956
-0.1000	-1.2700	-0.6550	1.4325
0.1220	-0.2000	-1.1755	1.1986
1.1400	-0.4500	-0.5155	1.3296
-0.3400	-0.1200	-1.1690	1.2233
-0.4380	0.3500	-1.4700	1.5733
0.2500	-1.3600	-0.3137	1.4179
0.7900	-0.8100	-0.5712	1.2675
1.1530	0.6000	-0.5107	1.3965
0.7200	-0.6700	-1.0514	1.4397
-0.8700	-0.1700	-1.1504	1.4523
-0.5950	0.2800	-1.3180	1.4729
0.0000	-1.0600	-0.6738	1.2560
-0.1200	-0.7900	-0.8669	1.1790
-0.6920	0.4500	-0.7300	1.1019
0.0800	-0.2700	-0.9226	0.9646
-1.1500	-0.7200	0.0220	1.3570
-0.2560	0.6000	-1.2250	1.3879
-0.3800	-0.8600	-1.1264	1.4672
-0.3300	-0.1800	-0.9834	1.0528
-0.0430	0.9300	-0.8660	1.2715
-0.4600	-0.7600	-0.7225	1.1451
0.0200	-0.4100	-1.1000	1.1741
0.9650	0.7800	-0.1830	1.2542
-0.8500	-0.3200	-1.0862	1.4159
-1.0400	-0.4300	-0.9817	1.4934
-0.0570	-0.1100	-1.4495	1.4548
0.6900	-0.3900	-1.1014	1.3569
-0.0500	-1.2100	-0.7950	1.4487
-0.2210	-0.4300	-1.0320	1.1396
-0.6600	0.7300	-0.8817	1.3213
-0.6200	0.9100	-0.1920	1.1177
0.5900	1.1800	-0.2300	1.3392
-1.1600	0.0900	-0.2770	1.1960
-0.2600	-0.0200	-1.3260	1.3514
-1.1000	0.5600	-0.8195	1.4816
-0.6200	0.0900	-0.9520	1.1397
-0.1100	1.2200	-0.1890	1.2394
-1.2800	-0.3800	-0.5200	1.4329
-0.9800	0.2500	-0.8511	1.3219
-0.7300	-0.1700	-0.8139	1.1065
0.3400	-0.7100	-1.1901	1.4269
-0.4700	-1.0900	-0.8380	1.4530
-1.2800	0.3000	0.1601	1.3244
-0.4800	0.2600	-1.1471	1.2704
-0.5300	0.5100	-0.8244	1.1048
0.2600	-1.2000	0.4179	1.2970
0.1100	0.9100	-1.0442	1.3895
-0.5000	-0.5800	-1.1630	1.3925
-1.0200	-0.6400	-0.0510	1.2052
-0.3200	0.6000	-0.6633	0.9499
0.5800	-0.4100	-0.8560	1.1123
-0.4500	-0.3900	-0.9030	1.0817
0.0900	0.0800	-1.3582	1.3636
-0.2200	0.5200	-0.9518	1.1067
-1.1300	-0.2400	-0.3830	1.2170
0.5000	0.8300	-1.0130	1.4018
0.2700	-0.2500	-1.1348	1.1930
-0.5100	-1.0400	-0.5270	1.2726
0.1600	0.7700	-0.7880	1.1133
-0.8000	0.4400	-1.0870	1.4196
-0.0800	-1.2800	-0.4815	1.3699
0.3100	1.2000	-0.7058	1.4263
-0.6700	-0.6400	-0.8102	1.2308
1.1200	-1.0500	-0.6490	1.6668
-0.4900	1.0100	-0.5864	1.2665
-0.1400	-0.9100	-0.6980	1.1554
1.1500	0.0000	-0.5444	1.2723
-0.3700	0.4100	-1.0986	1.2296
0.3900	-0.1100	-1.2250	1.2903
1.2100	0.3400	-0.0365	1.2574
-0.2700	0.0000	-1.4682	1.4928
-0.3000	-0.8100	-1.1450	1.4343
-0.0800	-0.4900	-1.3880	1.4741
-0.4600	-0.4200	-0.8290	1.0369
-0.8500	-0.7000	-0.8010	1.3617
0.3300	-0.9000	-0.5560	1.1082
0.6500	0.5700	-0.9023	1.2496
0.4600	0.4100	-0.8640	1.0613
-0.1100	-0.2500	-1.3861	1.4128
1.1300	0.4400	-0.5849	1.3463
0.2500	0.7700	-0.7602	1.1105
1.3900	-0.2300	-0.1775	1.4200
0.2000	-0.6800	-1.1310	1.3348
1.2000	-0.2700	-0.8002	1.4674
1.1800	-0.2300	-0.6546	1.3689
0.3900	-0.0900	-1.4150	1.4705
-0.4800	0.3300	-1.2020	1.3357
0.1700	-0.3100	-0.9980	1.0588
0.4700	-0.7800	-1.0000	1.3525
-0.0800	-0.2700	-1.4073	1.4352
0.9100	0.1800	-1.0874	1.4293
0.2000	0.0400	-1.3989	1.4137
-0.6100	1.1700	-0.3959	1.3776
0.2200	0.8600	-0.7200	1.1430
0.9500	-0.0700	-0.7040	1.1845
0.0800	-1.0100	-0.7977	1.2895
-0.1800	0.7000	-1.0547	1.2786
-0.0480	1.4100	-0.4472	1.4800
1.1300	0.0500	-0.7271	1.3446
-0.7000	-0.6500	-1.1190	1.4713
-0.1100	-0.5000	-1.3300	1.4251
-0.2550	0.3800	-1.4580	1.5281
0.9700	-0.6700	0.0360	1.1794
0.0700	-0.3600	-1.1160	1.1747
0.0300	1.2600	-0.7701	1.4770
0.1100	0.5000	-1.2374	1.3391
0.1400	-0.0200	-0.9496	0.9601
-0.5800	-1.0700	-0.6020	1.3578
0.0900	0.8000	-1.0070	1.2892
0.1500	-0.0500	-1.1281	1.1391
0.2720	0.8900	-0.7616	1.2025
0.4700	0.0700	-1.3580	1.4387
-1.1100	-0.0900	-0.3820	1.1773
0.8700	0.9900	-0.6310	1.4612
0.1800	-0.6200	-0.7720	1.0064
0.0670	0.8500	-0.9847	1.3025
0.2400	0.6200	-0.8996	1.1186
-0.6200	-0.3800	-1.2630	1.4574
0.2300	-0.4000	-1.0790	1.1735
0.7700	0.0300	-0.9680	1.2373
-0.4980	1.2200	-0.1750	1.3293
0.7300	-0.8300	-0.9429	1.4529
0.2800	-0.7000	-1.1796	1.3999
0.9100	-0.5000	-1.0498	1.4765
0.4800	1.0300	-0.9218	1.4632
0.4600	-0.3200	-0.9789	1.1279
-0.3900	-0.4900	-0.9508	1.1385
-0.1500	-0.7000	-1.2819	1.4683
-0.3140	0.6400	-0.9745	1.2074
0.9200	-0.9200	-0.2554	1.3259
-0.9700	0.2100	-0.8873	1.3313
-1.1600	0.1200	-0.9248	1.4884
-0.9030	0.5400	-0.6801	1.2528
0.3000	-0.6100	-1.2240	1.4001
-0.1100	-1.0200	-0.9240	1.3807
0.4000	-0.8700	-1.0770	1.4411
0.0300	-0.6600	-1.2100	1.3786
0.3700	-0.8200	-1.0803	1.4058
0.0300	0.5800	-0.9220	1.0897
0.1800	-0.7500	-0.9824	1.2490
-0.2000	0.0600	-1.0190	1.0402
0.5500	-0.4100	-0.9050	1.1356
-0.5900	0.7000	-0.8364	1.2400
0.0100	-0.6600	-0.9476	1.1548
-0.6000	0.0300	-1.3230	1.4530
0.8800	-0.6000	-0.5220	1.1861
0.9400	0.1100	-0.8552	1.2756
0.2400	0.5000	-1.3407	1.4509
1.1470	-0.2500	-0.8220	1.4331
-0.7600	-0.5900	-0.8410	1.2779
0.7300	0.3200	-1.0760	1.3391
-1.0000	0.5800	-0.3140	1.1979
-0.3700	0.3400	-1.1509	1.2558
-0.5000	-0.3600	-1.1529	1.3072
0.7900	0.0700	-1.0450	1.3119
-0.4700	-0.6000	-0.8551	1.1455
-0.8500	-0.6800	-0.6400	1.2627
1.0700	0.2900	-0.3991	1.1783
-0.7900	-0.6000	-0.3060	1.0381
1.1800	0.1100	-0.5935	1.3254
0.9000	0.2100	-1.0420	1.3928
1.0900	0.0100	-0.5823	1.2358
0.2900	-0.8500	-0.6970	1.1368
-0.1000	0.1400	-1.1207	1.1338
-0.6500	0.8600	-0.3230	1.1254
1.0600	-0.0100	-0.8090	1.3335
-0.7800	0.7200	-0.2830	1.0986
0.4000	-0.5400	-0.9850	1.1924
1.2600	-0.1700	0.4270	1.3412
1.0700	-0.4800	-0.7781	1.4074
-0.1800	0.9000	-0.7600	1.1916
-0.1300	-0.9800	-0.8570	1.3083
-0.7700	-0.1300	-1.0991	1.3483
0.6600	-0.3900	-1.0334	1.2867
-0.0100	-0.2400	-1.4390	1.4589
-0.3300	-0.4700	-1.0760	1.2197
-0.7100	-0.0900	-1.2290	1.4222
0.8400	-1.0500	-0.7466	1.5380
-0.3900	-0.7500	-1.2130	1.4785
1.2300	0.2400	-0.4650	1.3367
-0.8600	0.3300	-0.7810	1.2077
0.5500	-0.5700	-0.8550	1.1655
0.9300	-0.5700	-0.7590	1.3289
0.6200	0.8000	-0.4770	1.1189
-0.9900	0.0900	-0.6377	1.1810
0.6800	-0.1600	-0.8960	1.1361
0.0400	-0.1400	-1.1279	1.1373
0.8800	0.8900	-0.5040	1.3493
-0.4100	0.2500	-1.3410	1.4244
-0.2900	-0.6600	-0.7290	1.0253
0.3000	0.7600	-1.2246	1.4722
-0.1100	0.0800	-1.1160	1.1243
0.5900	0.2600	-1.3670	1.5114
-0.1500	0.1600	-1.1780	1.1982
-0.7800	0.6400	-0.3456	1.0665
0.1400	0.0400	-1.2340	1.2426
-0.5700	-0.4900	-1.2702	1.4759
0.4200	0.1700	-1.1240	1.2119
0.0800	0.4400	-1.3776	1.4484
0.8600	-1.1000	-0.4600	1.4701
-0.5000	0.3200	-1.3301	1.4566
0.7800	-0.4200	-1.0120	1.3450
-0.5600	-0.2300	-0.7963	1.0003
0.9900	-0.7200	-0.7970	1.4607
-0.4900	-1.2700	-0.1173	1.3663
-1.0900	-0.4700	-0.8285	1.4476
-0.2500	-0.0100	-1.4637	1.4849
0.7400	-1.2600	-0.0863	1.4638
-0.1100	-0.3400	-0.9940	1.0563
-0.7800	-0.0300	-0.8575	1.1596
-0.7100	-0.2900	-0.6970	1.0363
0.6700	-0.9600	-0.8408	1.4413
-0.0200	-0.5000	-1.3580	1.4473
0.3900	-1.0100	-0.9210	1.4214
0.7400	0.1800	-1.2830	1.4920
0.5600	-0.8300	-0.9830	1.4031
-0.3800	-0.6000	-1.0656	1.2806
0.3800	-0.8500	-0.8160	1.2380
1.0900	-0.1200	-0.6020	1.2510
-0.8400	-0.1400	-0.7837	1.1573
0.7000	-0.1700	-1.3430	1.5240
0.0000	-0.3800	-1.2100	1.2683
0.7800	-0.1100	-1.1550	1.3980
-0.3900	0.8600	-0.7863	1.2288
0.9000	0.0900	-0.6760	1.1292
0.1200	0.7800	-1.1503	1.3950
0.6100	0.1500	-1.3170	1.4591
0.1000	0.9200	-1.2240	1.5345
0.6900	0.8100	-0.5990	1.2211
-0.6000	1.1500	-0.6948	1.4715
0.2700	1.2000	-0.4780	1.3196
-0.8000	0.7500	-0.3070	1.1387
-0.1200	-0.0500	-1.4089	1.4149
0.5600	0.1300	-1.3720	1.4876
0.0300	-0.3700	-1.1150	1.1752
-0.3000	-0.7900	-0.6574	1.0706
0.0700	-0.3500	-1.1310	1.1860
-0.5800	-0.3900	-1.2750	1.4540
-0.3900	-0.6500	-1.1490	1.3765
0.2000	-0.1400	-1.1588	1.1842
0.1100	0.5400	-1.1600	1.2843
0.2100	0.7300	-0.8461	1.1371
0.1000	-0.6400	-1.2725	1.4279
0.4100	-0.3900	-1.1116	1.2473
0.2200	-0.4900	-1.0907	1.2158
-0.3300	0.3800	-1.2740	1.3698
-0.4300	0.6100	-0.6550	0.9930
-0.0500	0.4000	-1.2840	1.3458
0.2600	0.5200	-0.9255	1.0930
0.6500	0.1200	-1.2313	1.3975
0.0900	0.3500	-1.0128	1.0753
0.3500	0.6900	-0.9230	1.2044
0.4800	0.5200	-0.9425	1.1786
-0.1100	-0.4700	-0.9071	1.0275
0.2100	-0.3600	-1.3040	1.3690
-0.0200	0.3800	-1.0448	1.1119
-0.6300	0.5000	-0.4310	0.9125
0.2800	-0.3400	-1.3420	1.4124
-0.3100	0.0900	-1.0120	1.0622
1.0000	0.3200	-0.6402	1.2297
0.6300	0.7400	-0.9500	1.3590
-0.2800	-0.2700	-1.3470	1.4020
0.7500	-0.1000	-0.7590	1.0717
0.2500	-0.7900	-1.2410	1.4922
-0.3500	-0.5900	-0.9831	1.1988
0.8200	-0.4600	-1.1062	1.4518
0.6650	0.2700	-1.1153	1.3263
-0.7100	-0.3500	-1.2081	1.4443
0.6350	0.7200	-0.6080	1.1363
-0.0900	0.0800	-1.4305	1.4356
0.6575	0.3600	-1.1450	1.3686
-0.1200	0.2000	-1.3778	1.3974
1.0557	0.6300	-0.5898	1.3635
-0.0400	0.4000	-0.9483	1.0300
0.8054	0.9700	-0.7798	1.4824
-0.3300	-0.1800	-1.4240	1.4728
0.3600	0.3700	-1.0310	1.1530
-0.2100	-0.4100	-1.3658	1.4414
-0.6371	0.2900	-0.9137	1.1510
0.6560	-0.8100	-0.8790	1.3635
-0.3150	-1.3700	-0.2836	1.4341
0.7500	-0.3400	-1.1680	1.4291
0.4540	0.9000	-0.5070	1.1283
-0.4406	-0.1500	-1.3020	1.3827
-0.4129	-0.6500	-1.1320	1.3691
1.1355	-0.7900	-0.4820	1.4648
0.4324	-0.5700	-0.9300	1.1734
0.1380	-0.6500	-1.2520	1.4174
0.1092	-1.1300	-0.4083	1.2065
0.2440	-1.1000	-0.6572	1.3044
0.6870	-1.1900	-0.4840	1.4568
-0.0472	-0.4300	-1.0483	1.1340
-0.4900	-0.1900	-1.0990	1.2182
0.5840	-1.0400	-0.5951	1.3330
0.2580	-0.7700	-1.0686	1.3422
0.0192	-0.9100	-1.1786	1.4891
0.7473	-1.2000	-0.2720	1.4396
0.2610	-0.8100	-1.2410	1.5048
0.3720	-0.9300	-1.0433	1.4463
-0.8050	0.3100	-1.1457	1.4342
0.1570	-0.5500	-1.2420	1.3674
0.1460	-0.7400	-1.2348	1.4469
0.2270	1.0500	-0.5991	1.2300
-0.0880	-0.2000	-1.1437	1.1644
0.4450	-0.7300	-0.7057	1.1086
0.4290	0.3700	-1.0950	1.2329
0.4130	-0.2000	-1.0200	1.1185
-0.1810	-0.3000	-1.1200	1.1735
0.0380	0.2700	-1.2594	1.2886
-0.5180	0.4000	-1.2571	1.4173
0.4340	0.4800	-1.3228	1.4726
-0.7260	-0.4400	-1.0869	1.3791
-1.0630	-0.4000	-0.9685	1.4926
-0.5600	0.5800	-1.0680	1.3381
0.4600	0.2400	-1.0160	1.1408
0.5900	0.0100	-1.1500	1.2926
0.0000	0.1500	-1.2050	1.2143
0.4900	0.6600	-1.0310	1.3186
0.2100	-0.3000	-1.0130	1.0772
0.5200	-0.9900	-0.4990	1.2245
-0.2500	-0.7100	-0.9400	1.2042
-0.9400	0.4300	-0.8870	1.3621
-0.9300	-0.2200	-0.5050	1.0809
-0.0800	0.6200	-0.7850	1.0035
-0.3400	-0.2800	-1.3580	1.4276
-0.1800	-0.4000	-1.2560	1.3304
-0.7000	0.7700	-1.0270	1.4621
0.5200	-0.1800	-1.1690	1.2920
-0.3300	0.4700	-1.2450	1.3711
-0.5500	0.4900	-1.2390	1.4414
-0.8100	0.5500	-1.0820	1.4592
0.0300	-0.1100	-1.3015	1.3065
-0.8800	-0.6200	-0.9630	1.4444
0.9700	-0.2400	-0.8230	1.2945
-0.2500	0.7900	-1.0610	1.3462
0.0300	-0.5400	-1.0790	1.2069
-0.6600	0.1500	-1.2690	1.4382
0.1200	0.4500	-0.8683	0.9853
-0.4800	-0.0100	-1.0350	1.1409
0.6400	-0.0800	-0.9840	1.1765
0.3900	-0.2700	-1.2876	1.3722
0.5600	0.2900	-0.8830	1.0851
-0.1800	0.2600	-1.2313	1.2713
-0.3800	0.2600	-1.2870	1.3669
0.3000	-0.5000	-1.0506	1.2016
0.0400	-0.7100	-1.2443	1.4332
-0.7100	0.4500	-0.8634	1.2050
0.2500	0.1250	-1.0010	1.0393
-0.5700	-0.8000	-0.6848	1.1974
0.6800	-0.8500	-0.8730	1.3954
-0.4700	-0.7600	-0.8887	1.2603
-0.0100	-0.7700	-1.1776	1.4070
-0.4400	-0.4600	-1.3741	1.5144
-0.2300	0.7100	-1.1882	1.4032
0.9000	0.8200	-0.5286	1.3273
0.3700	1.2100	-0.5763	1.3904
0.7100	0.5800	-1.1285	1.4540
0.7000	0.6200	-0.7040	1.1705
0.1100	0.0800	-1.2893	1.2965
1.3100	0.4200	-0.2106	1.3917
0.8900	0.2100	-0.8931	1.2782
-0.2300	0.3300	-1.0113	1.0884
-0.1400	-0.1500	-1.1120	1.1308
0.8300	-0.8400	-0.6189	1.3332
0.7100	-0.6100	-0.8280	1.2497
-0.1600	-0.4300	-1.0149	1.1138
-0.3900	0.9600	-0.2780	1.0728
-0.0100	0.2900	-1.0672	1.1059
0.2600	-0.2300	-1.4020	1.4443
1.0500	0.5000	-0.5930	1.3054
-0.2800	0.4700	-1.2756	1.3879
-0.1000	-0.3900	-0.9340	1.0171
0.3200	0.1900	-1.0274	1.0927
0.0500	0.6400	-1.1602	1.3259
-0.4300	-0.0200	-1.1213	1.2011
0.3500	0.8000	-0.6965	1.1170
-0.6400	0.4800	-1.0274	1.3021
-0.7900	-0.1600	-0.8341	1.1599
-0.0100	0.6800	-1.0090	1.2168
-0.0900	0.7100	-0.9609	1.1982
-0.0500	-0.3900	-1.1921	1.2553
-0.2900	0.7100	-1.1809	1.4081
0.0000	0.6600	-1.2885	1.4477
0.0500	-0.2500	-1.4818	1.5036
-0.7300	-0.4900	-1.2130	1.4981
-0.0600	-0.5200	-1.1746	1.2860
-0.9500	0.7600	-0.4800	1.3079
-0.6200	0.5300	-1.1090	1.3767
-0.0600	0.5000	-0.9290	1.0567
0.3100	0.9400	-0.7040	1.2146
-0.1100	1.0300	-1.0720	1.4907
-0.3600	-0.4700	-0.9796	1.1446
0.5100	-0.7600	-1.1592	1.4770
0.0100	-0.3700	-1.2927	1.3446
0.0400	0.4300	-1.0220	1.1095
-0.4000	0.4800	-1.1150	1.2781
0.0400	0.9400	-1.0803	1.4326
0.7200	0.6300	-0.5867	1.1223
-0.2200	0.6500	-1.0581	1.2611
-0.4400	0.4100	-1.1940	1.3369
0.5300	1.0100	-1.0260	1.5342
-0.3900	-0.3500	-0.9604	1.0941
0.1000	0.9200	-0.5235	1.0632
0.3200	0.6500	-1.2010	1.4026
-0.6100	-0.7600	-0.8872	1.3179
-0.9500	-0.0900	-1.1030	1.4585
-0.2500	0.6000	-1.1710	1.3393
-0.4600	0.5000	-1.2160	1.3929
-1.2300	0.3000	-0.3956	1.3264
-0.7200	0.7200	-1.0407	1.4560
0.7800	0.0600	-1.1714	1.4086
0.9400	0.6600	-0.7695	1.3825
-0.7300	0.4100	-0.5938	1.0264
-0.0600	-0.2800	-1.2418	1.2744
-0.3300	0.8500	-0.8973	1.2793
0.5100	0.0900	-1.0270	1.1502
0.1900	-0.0500	-1.0040	1.0230
-1.1800	0.7400	-0.3839	1.4448
-0.1700	-0.5600	-1.3592	1.4798
-0.1800	1.0500	-0.8166	1.3423
0.0700	0.5400	-1.0927	1.2209
-0.1700	0.5500	-1.1599	1.2949
1.0500	0.4500	-0.6047	1.2925
1.0900	-0.8800	0.0984	1.4043
0.5800	-0.7900	-0.9150	1.3408
-0.9000	-0.1800	-0.8815	1.2726
-0.7900	-0.5500	-1.0299	1.4097
0.8300	-0.3700	-0.5821	1.0792
0.7000	0.4100	-1.0510	1.3277
-0.7500	0.6900	-0.7400	1.2594
0.0200	-0.9100	-0.5356	1.0561
-0.3200	-0.6100	-1.2291	1.4090
0.7700	-0.2700	-1.2397	1.4841
-0.6200	0.9600	-0.7540	1.3691
0.7600	-0.2100	-0.9945	1.2691
1.0600	0.0100	-0.7189	1.2808
-0.5100	0.4500	-1.1300	1.3189
0.2100	1.0000	-1.0100	1.4367
-0.5300	-0.1500	-0.9374	1.0873
0.9600	-0.7400	-0.1060	1.2167
0.6300	-0.2600	-0.9586	1.1762
-0.4600	0.3200	-1.0364	1.1782
-0.0400	-0.4300	-1.3311	1.3994
0.9100	-0.5600	-0.9651	1.4398
0.1900	0.3200	-1.1598	1.2180
-0.2300	0.3700	-1.1003	1.1834
0.5000	-0.7900	-0.8512	1.2644
-0.8800	0.2900	-0.5680	1.0868
0.2800	-0.5900	-1.0753	1.2581
-0.7100	0.3900	-1.0704	1.3424
0.8200	-0.5000	-0.8199	1.2628
-0.4400	0.7100	-1.0679	1.3558
0.8200	-0.1800	-0.9700	1.2828
1.2100	0.2100	-0.7707	1.4499
0.3900	1.3300	-0.3418	1.4275
0.8900	0.8700	-0.5905	1.3776
0.2600	0.3200	-1.0400	1.1187
0.2000	0.8500	-1.0991	1.4038
0.5600	-0.9800	-0.1767	1.1425
-0.5000	0.6900	-0.9724	1.2929
0.0000	0.3600	-1.1053	1.1624
0.4500	0.6200	-1.0815	1.3253
-0.2200	-0.3500	-1.3328	1.3954
0.7400	0.8900	-0.6987	1.3520
0.5500	0.5300	-0.8600	1.1502
0.7600	0.0800	-1.2910	1.5002
-0.1800	0.6900	-0.8630	1.1195
-0.1800	-0.7900	-0.7860	1.1288
0.5000	0.1100	-1.3100	1.4065
-0.8900	0.3400	-1.1100	1.4628
1.1500	-0.6900	-0.3682	1.3907
0.4900	0.6400	-1.2132	1.4566
-1.0100	0.5500	-0.8692	1.4416
0.0200	0.2600	-1.1964	1.2245
1.0200	0.0100	-1.1009	1.5008
-0.8500	0.1500	-0.5500	1.0235
1.1000	0.5300	-0.1850	1.2350
0.8600	-0.0900	-1.0140	1.3326
-0.2500	0.1400	-1.1390	1.1745
0.1500	0.4600	-0.9870	1.0992
0.5400	-0.2400	-1.3521	1.4756
-0.7000	0.1900	-1.2476	1.4431
0.1500	0.9500	-1.0869	1.4513
0.0100	0.3500	-1.1365	1.1892
-1.0600	0.7600	-0.5720	1.4242
0.2000	0.1400	-1.4370	1.4576
0.1300	0.2300	-1.1383	1.1685
-0.3600	-0.1900	-1.3650	1.4244
-0.8400	0.1700	-0.7080	1.1116
-0.1700	-0.2000	-1.2509	1.2781
-0.7300	0.6600	-0.6470	1.1778
-0.0300	0.0800	-1.3721	1.3748
-1.0200	0.2400	-0.4583	1.1437
-0.3400	-0.1900	-1.4110	1.4638
0.0300	0.2400	-1.1868	1.2112
0.0600	-0.2700	-1.0997	1.1339
-0.9200	0.6500	-0.5920	1.2725
-0.0100	0.7300	-0.7914	1.0767
0.5000	0.1400	-1.3103	1.4094
-1.1300	-0.2900	-0.8570	1.4476
0.4100	0.0500	-1.0380	1.1172
-0.4000	0.5200	-1.2509	1.4125
-0.3000	0.6900	-0.7670	1.0744
0.2100	-1.0900	-0.2690	1.1422
-0.1000	0.3600	-1.3062	1.3586
0.0100	0.7200	-1.0010	1.2331
0.3600	-1.1900	-0.5840	1.3736
-0.3200	0.1700	-1.4370	1.4820
-0.9200	0.7600	-0.7110	1.3891
-0.1900	-0.7500	-0.8333	1.1371
-0.5500	0.0100	-1.2480	1.3639
0.2900	-0.4600	-1.0730	1.2029
0.5300	-0.2800	-1.0574	1.2155
-0.1200	0.1200	-1.4138	1.4239
0.4000	-0.5400	-1.0400	1.2382
0.7100	-0.6000	-1.1342	1.4665
-0.4700	-0.0500	-1.4339	1.5097
-0.6700	0.3600	-1.0260	1.2772
-0.2400	0.1800	-1.5060	1.5356
0.6800	0.4900	-0.7926	1.1536
0.4500	-0.2700	-1.2849	1.3879
0.4900	-0.2000	-1.3350	1.4361
-0.0100	-1.1700	-0.8220	1.4299
-0.6100	-0.1300	-1.0250	1.1998
-0.3500	-0.5300	-1.2387	1.3920
-0.5600	-0.1800	-1.0770	1.2272
0.8000	-0.7300	-0.9360	1.4314
0.6200	-1.0900	-0.7740	1.4736
-0.3600	-0.5300	-0.9920	1.1809
-0.4100	-0.8700	-0.7624	1.2273
-0.1800	-0.0500	-1.3785	1.3911
0.5500	-0.0300	-0.8820	1.0399
-0.0400	0.4000	-1.3030	1.3636
-0.4500	-0.0400	-1.1750	1.2589
0.2700	0.6000	-1.3500	1.5018
-0.0700	0.2200	-1.3276	1.3475
0.0300	-0.0100	-1.2180	1.2184
1.0800	0.5800	-0.7130	1.4182
-1.0100	-0.5100	-0.7520	1.3586
-0.6600	0.4500	-0.5940	0.9955
0.6500	-0.0400	-1.2610	1.4192
-1.2700	0.0400	-0.8236	1.5142
-0.6600	-0.2100	-1.2594	1.4373
0.4100	0.1300	-1.2850	1.3551
-0.3600	-0.1200	-1.0830	1.1476
-1.1000	-0.8600	-0.5240	1.4914
-0.6800	-0.8500	-0.3391	1.1401
-0.0400	0.4300	-1.0737	1.1573
-0.2100	-0.1600	-1.1782	1.2074
-0.7100	-1.0700	-0.6263	1.4287
0.2500	0.7700	-1.0323	1.3119
-0.4200	-0.3900	-1.1870	1.3181
-0.0600	-1.1400	-0.7292	1.3546
0.3500	1.2800	-0.3648	1.3762
-0.8600	-0.8000	-0.9020	1.4809
0.3300	-0.5400	-0.9119	1.1100
-0.2300	-0.1800	-1.4470	1.4762
0.2000	-0.3300	-1.3020	1.3580
0.0500	-0.7300	-1.2520	1.4501
-0.0800	-0.5100	-1.2496	1.3520
-0.3700	0.4400	-0.9760	1.1327
-0.1100	0.2000	-1.1048	1.1281
-0.6700	0.6900	-0.9490	1.3511
0.6000	-0.3600	-0.8190	1.0772
-0.1900	0.1100	-1.0416	1.0645
0.2400	-0.7900	-1.0901	1.3675
0.0500	-0.8800	-1.1190	1.4245
0.2100	0.2900	-1.3862	1.4317
-0.9400	0.5100	-0.7706	1.3182
1.0000	0.3300	-0.8665	1.3637
-0.2400	0.0000	-1.2570	1.2797
-0.9500	0.7500	-0.6809	1.3887
-0.1300	0.4200	-1.1631	1.2434
-0.6000	0.3900	-0.8440	1.1065
-0.6400	-0.3300	-1.0260	1.2535
0.8200	-0.1800	-1.1473	1.4217
0.4200	0.9000	-1.1621	1.5287
0.2770	-0.1900	-1.4337	1.4725
-0.0600	0.3600	-1.3740	1.4216
-0.4700	-0.9400	-0.9550	1.4200
-0.6400	0.3600	-0.9398	1.1927
0.1900	0.2100	-1.1343	1.1691
0.3500	-0.3300	-1.0720	1.1750
-0.0400	0.2400	-1.1500	1.1755
-0.7700	0.4300	-0.7414	1.1522
-0.1600	-0.1300	-1.3370	1.3528
-0.3000	0.4200	-1.1920	1.2989
0.1100	-0.4500	-1.1412	1.2316
-0.6500	0.5600	-0.7537	1.1420
-0.5100	0.8700	-0.7090	1.2328
0.6900	0.5600	-0.9400	1.2936
0.8000	-0.6600	-1.1341	1.5368
0.5800	0.7100	-0.5822	1.0860
-0.8300	0.4600	-1.0710	1.4309
-0.2100	0.6300	-1.1720	1.3471
0.1400	-0.7100	-1.0780	1.2984
-0.2700	1.1200	-0.8725	1.4452
0.0000	0.6400	-1.1830	1.3450
0.5700	-0.7600	-1.0440	1.4115
-0.0700	0.4200	-1.1130	1.1917
-0.9900	0.6700	-0.8889	1.4897
-0.9600	0.4900	-1.0985	1.5390
0.0100	-0.5400	-0.9614	1.1027
-0.1000	1.1800	-0.2440	1.2091
-0.3900	0.4300	-1.3220	1.4438
-0.0900	0.7200	-0.9750	1.2154
-0.2900	-0.3600	-1.2554	1.3378
-0.6800	0.4600	-0.8030	1.1484
-0.7100	0.9400	-0.6279	1.3349
-0.1000	1.1700	-0.6810	1.3574
-0.8900	-0.3900	-1.0732	1.4477
-0.6100	0.8300	-0.5660	1.1753
-0.6400	0.2300	-0.9580	1.1748
-0.0900	0.6600	-1.2204	1.3904
-0.8300	-0.3200	-0.9220	1.2812
0.2200	0.7300	-1.0370	1.2871
0.4800	-0.6900	-0.9122	1.2404
-0.4200	0.9200	-0.9890	1.4145
-0.1600	0.8400	-1.0544	1.3576
0.4800	0.1000	-1.1502	1.2503
-0.3200	-0.3700	-1.1810	1.2783
0.3500	1.0000	-0.9160	1.4006
0.0300	0.2600	-1.1128	1.1432
-0.6800	0.1600	-1.2500	1.4320
-0.3200	-0.0300	-1.3410	1.3790
0.3000	-0.5300	-1.0894	1.2481
-0.5000	0.5800	-0.8530	1.1463
-0.4800	0.5000	-0.9470	1.1735
-0.9200	-0.4100	-1.1248	1.5099
-0.8100	-0.5400	-0.9600	1.3672
-0.0070	1.0200	-0.7000	1.2371
0.5900	-0.8800	-0.7650	1.3068
-0.6500	0.1500	-1.3220	1.4808
-0.4930	0.6100	-1.0180	1.2851
-0.2800	0.1800	-1.2750	1.3177
-0.5100	-0.1500	-1.2620	1.3694
-0.7990	0.5200	-0.6120	1.1328
-0.4000	-0.4900	-0.8242	1.0389
-1.0300	-0.2300	-0.8740	1.3703
-0.4200	0.0900	-1.1810	1.2567
-0.0600	-0.1000	-1.3960	1.4008
-0.6900	0.4300	-0.7830	1.1288
-0.2400	0.5300	-1.0740	1.2215
-0.3600	0.0300	-1.1080	1.1654
-0.5200	0.8200	-0.8130	1.2664
-0.2000	-0.0600	-1.1807	1.1990
-0.7800	-0.3200	-0.8220	1.1775
0.0500	-0.2600	-1.4290	1.4533
-0.4000	0.9300	-0.6270	1.1908
-0.3800	-0.0400	-1.0446	1.1123
-0.4500	0.8600	-0.6460	1.1659
-0.9100	0.0200	-0.6937	1.1444
-0.2400	-0.3000	-1.2667	1.3237
-0.6800	0.7800	-0.7200	1.2606
-0.1700	0.6800	-1.2732	1.4534
-1.0300	0.9300	-0.2020	1.4024
0.5000	0.7300	-0.7790	1.1789
0.0600	0.3200	-1.2542	1.2958
0.3000	0.5300	-1.2755	1.4134
0.5200	0.5400	-1.2490	1.4567
0.4800	0.6000	-0.9503	1.2221
0.4300	0.4500	-0.9539	1.1390
0.2300	1.0800	-0.6210	1.2669
0.6600	0.6000	-0.9895	1.3322
-0.6000	-0.3600	-1.1362	1.3344
0.5800	0.3100	-0.7870	1.0256
0.7900	-0.2100	-1.1766	1.4327
0.0400	0.6200	-1.2040	1.3548
0.4000	-0.1400	-1.0494	1.1317
-0.4700	0.5000	-1.0579	1.2610
0.0200	0.4000	-1.3180	1.3775
-0.1100	-0.0300	-1.1802	1.1857
0.2100	0.0900	-0.9910	1.0170
0.2200	1.1000	-0.8410	1.4020
0.2700	0.0900	-1.3010	1.3318
0.4500	0.5400	-0.8090	1.0717
0.6100	-0.2500	-1.0150	1.2103
0.1200	-0.8800	-1.0792	1.3977
0.6850	-0.1300	-1.1355	1.3325
0.7100	-0.4000	-0.8070	1.1469
0.7520	0.9800	-0.8063	1.4751
0.3800	-1.1900	-0.7114	1.4376
-0.8800	0.7600	-0.7941	1.4080
-0.2800	-0.8000	-1.1248	1.4084
0.6700	0.2400	-0.8430	1.1032
0.7420	-0.3900	-0.7100	1.0985
0.6300	-0.9500	-0.7000	1.3377
-0.0400	0.2400	-1.3590	1.3806
-0.8250	0.3400	-1.0340	1.3658
0.2500	-0.0600	-1.3344	1.3589
-0.3600	0.4700	-0.9019	1.0789
0.5840	1.1600	-0.4000	1.3589
0.5200	0.1000	-1.3447	1.4452
0.3600	0.7300	-0.9580	1.2571
0.5510	0.7900	-0.6190	1.1449
-0.1400	0.2400	-1.3730	1.4008
-0.1700	1.1700	-0.8490	1.4555
-0.2570	1.0000	-0.8365	1.3288
-0.9000	-0.1900	-0.3950	1.0011
1.1700	-0.2200	-0.5752	1.3222
0.0000	0.9500	-0.4462	1.0496
-0.4420	0.9900	-0.6615	1.2701
-0.0200	0.9400	-0.5940	1.1121
-0.5940	0.4300	-1.0013	1.2411
-0.5200	0.0700	-1.3542	1.4523
-0.7200	0.3600	-0.8637	1.1807
0.0800	0.6800	-1.3130	1.4808
-0.1700	0.6000	-0.9950	1.1743
-0.2800	0.4100	-1.0048	1.1208
0.5800	0.3300	-1.1344	1.3161
0.9340	0.7300	-0.7099	1.3817
0.2660	-0.4600	-1.1736	1.2883
1.0380	0.7500	-0.7448	1.4815
0.3390	0.2700	-1.0502	1.1361
-0.0510	0.0600	-1.4203	1.4225
-0.4440	-0.7000	-1.2615	1.5095
-0.6730	-0.5400	-0.9606	1.2912
0.2550	0.3800	-1.3770	1.4511
-1.0640	0.7200	-0.6746	1.4511
-0.1210	-0.0700	-1.3635	1.3706
1.0010	-0.3100	-0.9314	1.4020
-0.9600	0.5100	-0.5577	1.2218
0.2030	-0.4600	-0.9855	1.1064
-1.0800	0.5200	-0.4470	1.2793
-0.0160	0.1100	-1.4512	1.4555
-0.8500	0.8500	-0.7273	1.4050
-0.0190	-0.2100	-1.0767	1.0971
0.5500	0.0500	-1.3860	1.4920
-1.0600	0.6100	-0.7767	1.4488
0.3400	0.3400	-1.2355	1.3258
-0.0260	-0.1600	-1.1561	1.1674
0.8900	0.3800	-0.6400	1.1602
-0.5800	0.9400	-0.8681	1.4048
0.4000	-0.9300	-0.6710	1.2146
-0.8450	-0.3600	-0.9434	1.3167
0.7000	0.6200	-0.6290	1.1270
-0.0100	0.3600	-1.2872	1.3366
0.2300	0.0600	-1.2772	1.2991
-0.2580	-0.4100	-1.2652	1.3548
0.7200	-0.5400	-0.3990	0.9845
-0.5900	0.3300	-1.2094	1.3855
0.5700	0.4300	-1.1818	1.3807
-0.0220	-0.6400	-1.1362	1.3042
0.5800	-0.2400	-1.2010	1.3551
-0.7900	-0.8400	-0.9302	1.4815
0.5700	0.1000	-1.0044	1.1592
-0.3120	-0.6200	-1.2622	1.4404
0.4100	0.3000	-0.9313	1.0609
-0.9500	0.5000	-0.6710	1.2660
-0.3700	0.2200	-1.2446	1.3169
-0.5660	-1.0500	-0.8827	1.4839
0.3800	0.1100	-1.2990	1.3579
-0.7400	-0.3100	-1.2240	1.4635
0.2400	-0.2900	-1.3104	1.3634
0.4180	-0.6200	-0.9439	1.2042
0.6900	-0.6800	-0.9326	1.3447
-1.1600	0.4700	-0.7440	1.4560
-0.7200	0.3900	-1.1614	1.4210
-0.1060	-0.6400	-1.3242	1.4746
-0.1500	-0.7600	-0.7220	1.0590
-0.8400	-0.0700	-1.0199	1.3231
0.0200	0.6500	-1.1288	1.3027
0.2680	-0.7700	-0.8438	1.1733
-0.3900	-0.5900	-1.0304	1.2498
-1.0500	0.5000	-0.3140	1.2046
-0.3800	-0.0100	-1.2934	1.3481
-0.4710	-0.3500	-1.3565	1.4780
0.2400	0.2800	-1.3440	1.3937
-0.2800	0.4400	-1.3550	1.4519
-0.4400	-0.5700	-0.8088	1.0829
-0.0730	-0.7100	-1.1500	1.3535
-0.0300	-0.6200	-1.3190	1.4578
-0.6200	0.6800	-1.1248	1.4533
0.4000	0.2900	-1.0503	1.1607
-0.1260	-0.4000	-1.2669	1.3345
0.0500	-0.3100	-1.1790	1.2201
-0.7900	-0.1500	-1.1890	1.4354
-0.2300	0.1200	-1.0054	1.0383
0.0380	-0.1300	-1.0418	1.0506
-0.1900	-1.0800	-0.5354	1.2203
-0.8700	-0.6500	-0.5440	1.2146
-0.9100	0.2900	-1.1585	1.5014
0.7880	-0.3800	-1.0016	1.3299
0.5300	-0.8000	-0.7717	1.2314
-0.0400	-0.2400	-1.3884	1.4096
-0.3300	0.7900	-1.1863	1.4630
0.7210	0.0200	-1.0124	1.2431
0.3700	-1.1500	-0.7652	1.4300
-0.6500	0.4500	-0.9421	1.2299
0.6200	-0.7500	-0.9450	1.3564
-0.0770	-0.1200	-1.1275	1.1365
0.6400	-0.6500	-1.1601	1.4758
-1.1400	-0.3000	-0.7918	1.4201
-0.1700	-0.3400	-1.2458	1.3025
0.1370	-0.0300	-1.2673	1.2750
0.5600	-0.7800	-1.1132	1.4701
-0.6300	-0.9800	-0.9871	1.5270
0.2000	0.6000	-0.9564	1.1466
1.3270	0.0600	-0.4876	1.4150
0.9700	-0.1000	-1.0722	1.4493
-1.2900	-0.2500	-0.4335	1.3837
-1.1700	-0.2300	-0.7967	1.4341
0.3460	-0.2600	-1.3972	1.4627
0.7600	-1.0100	-0.5869	1.3936
-0.9600	-0.4500	-0.5498	1.1943
0.3200	0.2200	-1.2760	1.3338
0.3300	0.1300	-1.1263	1.1808
-1.0500	-0.3400	-0.8448	1.3899
-0.5700	0.6500	-1.2046	1.4827
-0.5700	-0.5700	-0.8707	1.1866
0.4390	0.7300	-0.5681	1.0239
0.7500	-1.0200	-0.7057	1.4495
-0.2400	-0.6100	-1.0400	1.2293
0.1200	-0.6900	-1.2921	1.4697
0.7450	-0.7100	-0.7554	1.2766
0.7900	-0.6400	-0.5230	1.1433
-0.9500	-0.4800	-0.6215	1.2326
-0.1900	-0.6500	-1.0360	1.2377
-0.4920	0.1200	-1.0613	1.1759
-0.3000	0.1400	-1.0456	1.0968
-0.8000	-0.8500	-0.7488	1.3868
-0.1500	-0.2800	-1.4431	1.4776
0.2320	0.4600	-1.2934	1.3922
-0.4900	-0.2900	-1.0871	1.2272
0.2200	-0.1800	-1.2711	1.3025
-0.3100	0.4600	-1.3500	1.4595
-0.8740	0.8000	-0.9078	1.4926
0.2400	-1.3600	-0.2370	1.4012
-0.8800	0.1000	-0.9472	1.2968
-0.3700	-0.7900	-1.2034	1.4863
0.8440	0.2600	-1.0675	1.3855
0.4700	-0.9400	-0.3080	1.0951
-1.1900	-0.4600	-0.7861	1.4986
-0.6300	-0.5900	-0.9129	1.2563
-1.2300	0.3700	-0.1910	1.2986
1.0430	-0.3200	-0.8596	1.3889
0.2400	-0.9600	-0.7162	1.2215
-1.1100	0.0400	-0.9268	1.4466
-0.7000	-0.5300	-0.7070	1.1273
-1.1300	-0.4500	0.1130	1.2215
-0.6190	-0.7200	-0.3359	1.0072
-0.1000	-1.2500	-0.8486	1.5141
-0.6800	0.0500	-0.6853	0.9667
-0.6500	0.0700	-1.2694	1.4279
-1.0800	-0.5800	-0.5552	1.3457
-0.2660	-0.0200	-1.1541	1.1845
-1.1300	0.2200	-0.7032	1.3490
-0.5700	0.0000	-0.9876	1.1403
-1.3300	0.4000	-0.4490	1.4596
0.0710	-0.8200	-0.5209	0.9740
-0.4300	-0.0300	-1.1998	1.2749
-0.7900	-0.9100	-0.6141	1.3525
-0.8600	-0.8700	-0.8000	1.4617
-0.2180	-0.9300	-0.9499	1.3471
-0.1500	-0.7800	-0.9986	1.2760
-0.6500	0.2100	-1.1695	1.3544
-0.9900	-0.1900	-0.5610	1.1537
1.1350	-0.4500	-0.8336	1.4784
0.4000	0.4000	-1.2952	1.4133
-0.5000	0.0600	-1.2287	1.3279
-0.8300	0.3400	-0.4890	1.0216
0.5650	0.1100	-0.9541	1.1143
0.4300	0.4500	-1.2170	1.3669
-0.8200	0.5600	-0.8414	1.3015
-0.6800	-0.4700	-1.2110	1.4662
-0.7300	0.7300	-0.9939	1.4331
-0.6100	-0.3300	-1.0957	1.2967
-0.7900	0.2500	-1.1910	1.4509
0.5200	-0.5300	-1.0874	1.3167
-0.2300	-0.4900	-1.2303	1.3441
-0.6400	0.7100	-0.3420	1.0152
0.1600	-0.7400	-1.1582	1.3837
-0.0700	0.8000	-1.2262	1.4658
-1.1900	-0.2900	0.0850	1.2278
0.8300	-0.6100	-0.2170	1.0527
-0.4200	-0.0100	-1.3059	1.3718
-0.7400	-0.1100	-0.7738	1.0763
0.9600	-0.4000	-0.8535	1.3454
-0.9000	-0.4300	-0.5710	1.1493
0.0900	-0.1900	-1.1290	1.1484
-0.2200	1.2400	0.1290	1.2660
-0.4500	0.1900	-0.9800	1.0950
-0.3700	-1.0900	-0.1368	1.1592
0.5600	-0.4300	-0.8592	1.1121
-1.3300	-0.2400	-0.5640	1.4644
-0.1700	-1.0400	-0.7100	1.2707
-1.0300	-0.5500	-0.7134	1.3683
0.5600	-0.0700	-0.9770	1.1283
0.3700	-0.7700	-0.5720	1.0281
0.1200	0.7000	-0.8110	1.0780
-0.5700	-1.2300	-0.2340	1.3757
0.5800	-0.3900	-1.3460	1.5166
0.9500	-0.3300	-0.6880	1.2185
0.3500	0.3600	-1.2870	1.3815
0.2700	-1.1200	0.0480	1.1531
-0.2100	0.5600	-1.1110	1.2618
-0.6300	-1.3000	-0.1514	1.4525
0.1700	-0.6400	-1.0970	1.2814
0.6900	-0.5600	-0.9250	1.2827
0.7300	-0.9400	0.3600	1.2434
0.4100	-0.1800	-1.0650	1.1553
0.8400	-0.5300	-0.3020	1.0381
-0.3700	-0.2100	-0.9850	1.0730
0.9300	-0.3400	-0.8210	1.2863
0.2400	-0.3700	-1.2760	1.3501
0.1300	-1.0600	-0.5910	1.2206
0.3200	-0.5500	-1.1210	1.2890
-0.1800	-0.7000	-0.9080	1.1605
-0.3300	0.3500	-0.9460	1.0613
-0.9100	0.8500	-0.0580	1.2466
-0.4000	1.0600	-0.3927	1.1991
-1.1000	0.1200	-0.7240	1.3223
-0.9600	-0.1000	-0.9480	1.3529
0.6800	-0.0200	-1.0730	1.2705
-0.5400	0.5700	-0.9940	1.2667
-1.1000	0.6300	-0.5650	1.3878
-0.9200	0.2400	-0.9110	1.3168
-0.7600	-0.1200	-0.8840	1.1719
-1.3000	0.4500	-0.5960	1.4992
-1.1600	-0.8900	0.0550	1.4631
0.3500	-0.3300	-1.2664	1.3547
-1.3500	0.3200	-0.5230	1.4827
-0.7200	0.1700	-1.0658	1.2974
-1.1300	0.3400	-0.4700	1.2702
-0.0800	-0.4100	-1.1350	1.2094
0.1000	-0.1900	-1.0600	1.0815
-0.5900	-0.6700	-0.6720	1.1174
0.2400	-0.4200	-1.0179	1.1270
-1.0800	-0.7000	-0.3815	1.3424
-1.0200	0.7500	-0.5020	1.3619
0.8200	0.0400	-1.1707	1.4299
-0.0400	-0.0700	-1.3930	1.3953
-0.6400	1.2900	-0.1640	1.4493
-0.8700	0.4700	-0.6480	1.1822
-0.5000	0.8400	-0.4413	1.0725
0.2200	-0.1900	-1.0086	1.0497
-0.0300	-0.3300	-1.1563	1.2028
-0.0100	-0.3800	-1.1062	1.1697
-0.7700	-0.4200	-1.0620	1.3774
0.3100	-0.2500	-0.9480	1.0283
0.1500	-0.5000	-1.3664	1.4627
0.3700	-0.8200	-0.9311	1.2947
-0.5500	-0.9300	-0.4820	1.1831
-0.5500	-1.0100	-0.2530	1.1775
-0.2000	-0.0700	-1.0310	1.0525
-0.5500	-0.9600	-0.6470	1.2817
-0.8200	0.0500	-0.5990	1.0167
-0.0400	1.2200	-0.5120	1.3237
0.0200	0.3000	-1.4880	1.5181
-1.0700	-0.1000	-0.6230	1.2422
0.7300	0.1000	-0.9090	1.1701
0.4900	-0.8400	-0.6630	1.1770
0.1900	-0.9300	-0.9990	1.3780
-0.7000	0.5900	-0.7848	1.2058
0.7600	-0.5400	-0.9470	1.3289
0.8000	0.7800	-0.7490	1.3451
-0.3900	0.9800	-0.9010	1.3872
0.6300	0.3900	-1.1080	1.3329
-0.7900	-0.0700	-1.0560	1.3207
0.1500	-0.6100	-1.1150	1.2798
0.4600	-1.0000	-0.5666	1.2380
-0.1600	-0.0500	-1.1270	1.1394
0.1800	-1.4500	-0.3519	1.5029
-0.7900	0.0800	-0.8830	1.1875
0.6500	-1.0900	-0.2514	1.2938
0.4900	0.6700	-0.7180	1.0975
1.3500	-0.2700	-0.5496	1.4824
0.3700	0.2200	-1.1790	1.2551
1.3000	-0.2300	-0.3530	1.3666
0.4200	0.5400	-0.8310	1.0764
0.1800	-1.0900	-0.8109	1.3704
1.1400	0.0200	-0.6490	1.3119
0.2000	-0.2900	-1.0618	1.1187
1.2700	0.0400	-0.6047	1.4072
0.9100	-0.2300	-0.7833	1.2225
0.4800	-0.4200	-0.9580	1.1509
-0.0300	-0.7900	-0.9910	1.2677
0.8400	-0.9300	-0.5900	1.3851
0.1800	-0.6200	-1.2880	1.4407
0.8800	-0.5100	-0.7550	1.2667
0.1600	-0.3500	-0.9036	0.9821
0.3600	-0.3300	-1.2804	1.3704
-0.5000	-0.2100	-1.1290	1.2525
1.0700	0.0500	-1.0297	1.4858
-0.4800	-0.2700	-1.3409	1.4495
0.0500	0.3100	-1.2799	1.3179
0.8400	0.1860	-1.0339	1.3450
-0.5800	-0.7200	-1.0505	1.3994
0.1600	0.6283	-1.1898	1.3550
-0.2500	-1.0700	0.0340	1.0993
0.7600	0.2377	-0.9767	1.2602
0.1200	-0.1700	-1.2112	1.2289
0.5600	0.3770	-1.0537	1.2514
0.6500	-0.0400	-1.0550	1.2398
-0.1200	-0.5070	-1.3250	1.4238
-0.1400	0.5500	-0.8718	1.0403
-0.5300	0.0800	-1.3053	1.4111
0.4000	0.0200	-1.4027	1.4588
-0.6900	-0.0650	-1.0689	1.2739
0.0600	0.1264	-1.2070	1.2151
0.8000	0.1013	-0.9799	1.2690
0.1400	-0.0340	-1.2990	1.3070
0.7500	-0.2686	-1.2008	1.4410
0.4700	1.2545	0.3436	1.3830
0.6100	0.0960	-1.0797	1.2438
-0.1900	0.9398	-0.5280	1.0945
0.2900	0.5130	-0.9689	1.1340
0.2800	0.5646	-0.9988	1.1810
0.1600	1.3173	-0.5993	1.4560
0.3200	-0.8937	-0.6170	1.1322
-0.7900	0.4010	-0.8008	1.1942
-0.2200	-0.8310	-1.1345	1.4234
-0.1100	-0.5350	-1.2330	1.3486
1.0000	-0.3990	-0.8167	1.3514
0.2900	-0.7262	-0.8150	1.1295
-0.0500	0.8350	-0.8405	1.1858
0.9100	-0.8731	0.1970	1.2764
0.5400	0.1950	-1.1998	1.3301
1.3400	-0.5540	-0.2197	1.4666
0.1300	0.1310	-1.0130	1.0297
0.3300	0.7910	-0.5890	1.0400
0.4200	0.7700	-1.1488	1.4454
0.1100	0.9800	-0.4900	1.1012
0.0800	0.7900	-0.8104	1.1346
0.8900	0.6400	-0.5715	1.2362
1.2700	-0.7200	-0.2265	1.4774
0.4000	0.5900	-1.2001	1.3958
0.5700	0.0700	-1.3111	1.4314
0.6200	0.8000	-0.5846	1.1688
0.6800	-0.2000	-0.7050	0.9997
0.4800	-0.6600	-1.1808	1.4354
-0.1800	-0.0800	-1.2594	1.2747
-0.2100	0.8800	-1.0433	1.3809
-0.1600	0.9600	-0.3682	1.0406
0.3600	-0.2000	-1.1918	1.2609
0.3300	0.1000	-1.2070	1.2553
-1.2200	0.6400	-0.3350	1.4178
-0.0600	-0.1200	-1.3120	1.3188
0.5800	0.1700	-1.0280	1.1925
0.4000	-0.6600	-0.9148	1.1969
0.9200	-0.8900	-0.4190	1.3469
0.8400	0.6000	-0.7900	1.2999
1.0900	0.0700	-0.8734	1.3985
0.6600	-0.3800	-1.2980	1.5049
0.2100	-0.4100	-1.2490	1.3312
-0.1800	0.2100	-1.4173	1.4440
-0.8500	-0.2500	-0.9318	1.2858
0.0700	0.7000	-1.1058	1.3106
0.7010	0.0200	-1.1290	1.3291
0.2900	0.3700	-1.1930	1.2823
1.2830	0.4900	-0.4270	1.4382
0.2700	0.0100	-1.3917	1.4177
0.8400	-0.1800	-0.7720	1.1550
-0.4200	-0.0800	-1.3542	1.4201
0.2914	0.2400	-1.0738	1.1382
0.9200	0.5900	-0.9415	1.4425
0.5302	-0.3200	-0.8448	1.0475
-0.3400	-1.0300	-0.9410	1.4360
0.1190	-0.2300	-1.4300	1.4533
-0.4700	-0.4200	-0.8050	1.0224
-0.4040	0.1300	-1.0580	1.1399
0.2600	-0.5600	-1.2600	1.4031
-0.3644	1.3100	-0.5800	1.4783
0.8400	-0.5200	-0.5120	1.1127
0.0775	0.4400	-0.9250	1.0272
-0.2300	-0.4800	-1.2709	1.3779
-0.3030	0.8100	-1.0460	1.3572
0.1800	0.5400	-1.1898	1.3189
0.1610	0.6300	-1.1390	1.3115
-0.0300	0.2500	-1.1596	1.1866
-0.3440	1.1900	-0.5770	1.3665
0.2400	-0.2200	-1.2843	1.3249
-0.4190	0.7600	-0.9270	1.2698
0.2800	-0.6300	-1.0830	1.2838
-0.2420	0.5200	-1.0930	1.2343
0.7400	0.6600	-0.8420	1.3008
-0.2880	0.9600	-1.0200	1.4300
0.1900	0.3000	-1.0330	1.0923
0.1710	1.2100	-0.5420	1.3368
0.8100	0.4100	-1.0044	1.3539
0.1720	0.8100	-0.9260	1.2422
-0.3500	0.4800	-1.1114	1.2602
-0.3180	0.4200	-0.9460	1.0828
0.2600	0.7600	-0.8321	1.1565
-0.9140	-0.7700	-0.2200	1.2152
0.1000	0.2900	-1.1030	1.1449
-0.1860	1.1200	-0.5940	1.2813
-0.7380	-0.7600	-0.2630	1.0915
-0.1300	0.1400	-1.0297	1.0473
0.1940	0.8100	-1.1520	1.4216
0.3890	-0.4100	-1.1150	1.2501
0.0000	-0.1300	-1.3568	1.3630
-0.1950	0.1000	-1.4390	1.4556
-0.1210	-0.9100	-1.1950	1.5069
0.7600	0.1000	-1.1191	1.3565
0.5340	0.5500	-0.6100	0.9797
-0.0240	-0.4800	-1.0130	1.1212
0.5200	0.1700	-1.2536	1.3678
0.3740	0.7300	-1.1120	1.3818
0.0230	-0.9300	-0.7870	1.2185
0.3100	0.1700	-1.3644	1.4095
0.5140	1.0700	-0.9150	1.4988
-1.1180	0.0600	-0.9470	1.4664
-0.3700	0.4700	-1.0001	1.1653
-0.1860	0.1100	-1.4000	1.4166
-0.8830	-0.5200	-0.2540	1.0557
-0.5300	0.2200	-1.1025	1.2429
0.6950	0.8000	-1.0010	1.4577
-0.8780	-0.2800	-1.0050	1.3636
0.2500	0.7800	-0.7629	1.1193
0.8430	0.6100	-1.0550	1.4818
-1.2930	0.0000	-0.4970	1.3852
-0.7300	0.8100	-0.3188	1.1361
-0.9530	0.6300	-0.6810	1.3300
0.9700	0.5300	-0.9250	1.4413
-0.8970	-0.2900	-1.0550	1.4148
0.6300	0.3300	-0.9419	1.1802
-1.0770	-0.0400	-0.8190	1.3536
0.7900	0.0800	-1.0830	1.3429
-0.3980	-1.2000	-0.5910	1.3956
0.5100	-0.0100	-0.9120	1.0450
-1.0640	-0.4300	-0.2040	1.1656
0.3600	0.9000	-0.5920	1.1358
0.7650	-0.2200	-0.8110	1.1364
0.9000	0.4200	-0.7101	1.2209
-0.0299	0.7100	-1.2690	1.4544
-0.5900	0.6100	-0.8989	1.2362
-0.1190	0.0000	-1.2570	1.2626
0.4800	1.1400	0.0181	1.2371
1.0170	-0.0700	-0.6775	1.2240
0.1000	-0.5500	-1.1703	1.2970
0.1580	1.0900	-0.9510	1.4552
0.0660	0.3700	-1.3900	1.4399
-0.1800	0.3700	-1.3504	1.4117
-0.5710	-0.0700	-1.1200	1.2591
-0.9300	-0.3400	-0.8900	1.3314
0.2500	0.7600	-0.8846	1.1927
-0.9133	-0.2800	-0.8587	1.2845
-0.8620	-0.6200	-0.9210	1.4056
0.6200	0.3900	-0.8089	1.0912
0.3890	-0.6500	-1.0756	1.3156
0.1430	-0.6800	-1.0128	1.2283
0.5300	0.8600	-0.6494	1.2009
0.4102	-0.4800	-1.0666	1.2395
0.8150	-0.7800	-0.3080	1.1694
-0.0900	-0.2800	-1.0459	1.0865
0.6950	-0.6300	-0.7630	1.2092
0.5660	-0.8600	-1.0480	1.4691
0.9200	0.9100	-0.6494	1.4478
0.4343	-0.4200	-1.0070	1.1743
0.1560	-0.5800	-1.2312	1.3699
0.2970	-0.8300	-1.0060	1.3376
-0.2020	-0.5200	-0.9228	1.0783
-0.4000	-0.3600	-0.9189	1.0649
-0.2609	-0.8500	-1.0590	1.3828
0.2530	-0.2700	-1.0950	1.1558
0.8000	-0.7100	-0.8363	1.3578
-0.5990	-0.7900	-0.9980	1.4067
-0.0890	-0.5900	-1.1200	1.2690
-0.1000	-1.2800	-0.4511	1.3608
-0.4210	-0.2400	-0.8960	1.0187
-0.9160	-0.4900	-0.8990	1.3738
-0.0800	0.1100	-1.3133	1.3203
-1.0940	0.2500	-0.7540	1.3520
0.5680	-0.3100	-0.9380	1.1395
-1.0800	0.4900	-0.3780	1.2447
-0.8823	0.1900	-1.1250	1.4423
0.0560	-0.5900	-1.0140	1.1745
-0.7000	-0.6300	-0.4552	1.0460
-0.4010	-1.2300	-0.7760	1.5086
-1.2100	-0.7000	-0.4574	1.4708
-0.8090	-0.1200	-0.8490	1.1788
0.7600	-0.3200	-1.0765	1.3560
0.3800	0.4700	-1.2070	1.3499
0.2170	-0.3000	-1.2680	1.3210
0.0500	-0.5500	-1.0879	1.2200
0.3700	0.3900	-1.1640	1.2821
-0.7060	-0.0100	-0.7760	1.0491
-0.8600	-0.2300	-1.1373	1.4443
0.6800	0.7100	-0.5750	1.1389
-0.2970	0.4900	-1.1170	1.2554
-0.4300	-0.4600	-0.7974	1.0160
1.0800	0.3900	-0.4880	1.2477
-0.5090	-0.6700	-0.9970	1.3046
-0.6400	0.4300	-1.0222	1.2804
-0.8700	0.6600	-1.1330	1.5736
0.0900	-0.0900	-1.4596	1.4651
-0.7100	0.4300	-0.8830	1.2119
0.4000	-0.2900	-1.1015	1.2072
-0.1500	0.4400	-1.0430	1.1419
0.0600	0.6400	-0.8770	1.0873
0.0900	0.6900	-0.8950	1.1337
0.6400	0.8200	-0.6050	1.2033
0.4100	0.3000	-0.8630	1.0014
-0.0600	-0.6800	-1.0590	1.2600
0.7500	0.5400	-0.6970	1.1575
0.5800	0.2100	-1.2850	1.4254
-0.4800	-0.6100	-1.0640	1.3170
0.1900	0.5300	-1.2340	1.3564
0.9200	-0.6400	-0.9730	1.4842
-0.1100	0.6800	-1.1350	1.3277
1.1700	-0.1100	-0.8830	1.4699
1.3500	0.1600	-0.6390	1.5021
0.8200	-0.8400	-0.6860	1.3596
0.7400	-0.4900	-1.0650	1.3863
0.0800	-0.5900	-1.2230	1.3602
0.1580	0.1100	-1.0230	1.0410
0.3850	-0.1300	-1.2610	1.3249
0.3020	0.6800	-1.2670	1.4693
-0.0020	0.6600	-1.0160	1.2116
-0.2340	-0.6200	-1.2110	1.3805
0.6700	0.2900	-0.9360	1.1871
-0.3390	-0.5600	-1.0890	1.2706
0.2430	-0.5600	-1.3180	1.4525
-0.2330	0.5900	-1.1240	1.2906
0.3200	0.1500	-1.4100	1.4536
0.7080	0.6400	-1.1260	1.4761
0.9180	0.4400	-0.6640	1.2154
0.5000	0.6900	-1.0550	1.3561
0.7240	-0.2600	-0.8440	1.1420
-0.7270	-0.3500	-1.2890	1.5207
0.5210	1.0600	-0.4490	1.2636
0.0620	1.0400	-0.3000	1.0842
0.4400	-0.3100	-1.2380	1.3499
-0.0680	0.6300	-1.1760	1.3359
0.3790	0.2500	-1.1830	1.2671
0.1260	0.1200	-1.4710	1.4813
0.4400	0.6500	-1.0250	1.2910
0.1900	1.1200	-0.5350	1.2557
-0.0400	0.7000	-0.8910	1.1338
-0.2270	-0.2500	-1.0140	1.0687
1.0340	-0.5100	-0.8190	1.4142
-0.1700	-0.2600	-1.2850	1.3220
-0.2820	0.4100	-1.3190	1.4097
0.7190	0.5900	-0.6300	1.1234
-0.3670	-0.1600	-1.0100	1.0865
-0.7290	0.0600	-1.1400	1.3545
0.2850	-0.5100	-1.3460	1.4673
-0.7430	0.1900	-1.0440	1.2954
-0.3860	0.8700	-0.4450	1.0507
0.1746	-0.4400	-1.2840	1.3685
-0.1440	0.0300	-1.4200	1.4276
-0.1720	0.4000	-1.4270	1.4919
0.7000	1.0600	-0.7290	1.4646
-0.2713	-0.5000	-1.2000	1.3280
0.7970	0.2400	-1.0150	1.3126
-0.3580	-0.0500	-0.9450	1.0118
1.0920	-0.0100	-0.6720	1.2822
-0.2970	0.3600	-1.1070	1.2014
-0.4080	0.8100	-0.6900	1.1396
-0.2490	-0.2200	-0.9600	1.0159
-0.1770	-0.6000	-1.1870	1.3418
-0.6800	-0.5600	-0.9460	1.2926
-0.1830	-0.2100	-1.2120	1.2436
-0.8690	0.0800	-1.0470	1.3630
-0.5210	-0.2400	-0.9340	1.0961
-0.8930	0.8000	-0.7510	1.4147
-1.1560	0.0600	-0.7210	1.3637
0.1800	-0.1300	-1.4180	1.4353
-0.2730	-0.5700	-1.1090	1.2764
-1.0510	0.0400	-0.9610	1.4247
-1.2070	0.3800	-0.7910	1.4923
-1.5370	0.0600	-0.0890	1.5407
-1.1290	0.5400	-0.6690	1.4191
-0.5631	0.0000	-1.0520	1.1932
-0.2797	0.3500	-0.9650	1.0639
-0.2306	0.0200	-1.3700	1.3894
-0.8797	-0.0600	-1.1030	1.4121
-0.6660	0.1300	-0.9370	1.1569
-0.7868	-0.2400	-1.2330	1.4822
0.1850	-0.7000	-1.1410	1.3513
-0.0690	0.1900	-1.1020	1.1204
-0.4530	-0.1700	-0.9350	1.0528
0.1689	0.5900	-0.9820	1.1580
0.1146	-0.3100	-1.1000	1.1486
-0.7180	-0.0400	-0.7680	1.0521
-0.3296	0.2900	-1.3020	1.3740
-0.4004	0.3500	-1.3000	1.4046
-0.3757	0.2300	-1.4680	1.5327
