5.5850	2.2600
10.5400	16.6700
2.4620	17.1400
13.8600	11.9000
18.6100	15.7100
9.0540	8.4490
12.0200	7.3630
14.1300	20.9400
6.9470	8.7680
11.3700	16.4400
17.6700	3.4170
13.2800	14.1300
9.3220	3.4520
10.9700	6.2850
8.1280	9.7840
7.1390	4.6260
15.4200	10.1500
11.8100	11.9500
10.4500	8.4570
12.6500	15.9800
4.1830	0.8548
10.3600	8.6970
12.7800	8.3570
13.2300	11.7200
10.9300	8.9670
10.6800	11.7700
5.7480	7.1940
8.7090	12.1900
8.3770	7.5070
16.4400	9.4320
10.1700	7.6020
13.5900	14.0500
13.3100	11.7400
4.4830	12.5800
8.8970	10.0200
10.0200	8.6060
9.9680	15.2800
11.1800	11.7300
17.7900	15.6600
7.3190	15.2200
9.0180	10.4100
8.5120	2.4460
13.4200	11.8500
8.4270	10.5800
15.6200	14.0800
15.0100	9.0010
1.4120	14.6600
15.3200	9.2560
3.5800	5.5760
12.4000	16.0700
5.4050	6.2490
8.3340	12.6900
13.2300	3.6260
13.1600	14.8300
18.4400	5.7660
8.9090	2.2370
11.7400	11.2500
8.0530	12.4000
9.2660	12.1000
9.2230	3.4340
3.0140	5.8080
10.6600	13.9300
10.4900	11.7900
5.2520	5.8310
8.4680	3.2500
7.6170	10.5800
10.6500	5.7530
17.3300	10.9800
12.7800	4.0020
13.0200	11.3200
12.6900	2.5740
7.7570	1.9070
7.8210	9.6880
10.1800	7.2280
10.6300	11.2700
11.1100	5.0120
12.0300	12.3000
7.7920	9.1930
7.0470	12.8900
11.3300	9.6160
10.8100	11.7600
10.2600	8.4560
8.1840	18.7600
7.4300	7.6360
18.0900	13.6300
8.2390	14.3500
12.9600	7.5920
10.0600	1.1920
10.2800	12.5300
8.1460	14.2400
12.0900	10.1400
10.9600	11.0300
2.3890	18.6900
11.1000	12.6700
7.6980	7.1990
12.3400	5.6700
6.1260	18.1300
9.6800	2.5090
3.7010	8.2210
12.8300	3.8680
11.9100	13.0300
10.5500	11.6300
14.8700	4.0870
9.8670	8.8780
11.6600	13.8700
6.5930	19.8800
6.0700	10.0800
9.4150	14.6100
4.2850	10.8500
8.1200	4.4980
12.1600	12.4400
13.3200	7.1180
17.0900	8.7370
4.7340	12.1000
11.9500	5.9350
12.8500	6.0950
17.1900	9.0290
14.5800	8.3470
3.2920	1.0740
8.8490	6.1600
3.7420	13.0900
7.7450	12.7800
12.0000	9.6270
6.1990	12.8500
3.5900	5.3810
7.9160	10.5400
9.4180	12.6800
16.7400	12.3000
3.5080	4.3040
16.3400	17.3200
11.9800	12.1900
8.0630	2.9230
12.1000	2.6710
11.7100	3.6310
8.3580	4.0290
10.1600	8.5920
13.0800	9.6090
14.2100	4.9440
12.4000	4.1450
11.5000	12.2200
4.1120	12.3600
3.4130	9.9660
10.8900	11.5100
12.9100	6.8080
19.2600	2.0900
4.6730	11.3400
8.7630	10.8900
7.2400	11.1300
9.1270	7.5760
15.0400	10.4400
8.9420	9.3930
8.6070	6.4530
5.1990	11.7200
13.4200	7.7100
12.2900	14.7300
13.3800	13.7500
8.8460	7.8750
11.9900	4.0390
4.0840	7.1650
4.9480	4.3410
12.8400	7.9320
9.1690	10.1400
12.5600	13.3800
15.6200	8.7990
2.7940	9.1410
6.6160	13.3500
8.6920	18.0900
12.5700	11.2700
11.2200	11.3100
12.4600	9.9600
9.5600	3.2560
9.9610	13.4000
6.4130	13.8300
11.5900	10.5600
6.9090	17.6400
5.3930	7.7390
9.2560	8.0380
11.7500	12.0300
11.0400	5.6940
9.3170	14.2000
14.5700	11.7600
5.0980	11.4500
7.5180	12.1300
16.6600	4.4150
6.2260	2.7970
16.2700	13.6200
5.1070	13.6200
11.1500	9.3950
15.2400	1.8070
11.5400	13.2200
5.4910	14.3800
11.4900	18.6700
13.9100	6.7820
4.4820	8.5730
9.1210	6.1820
8.5390	5.8310
7.5560	9.3990
9.6900	7.8940
7.7940	12.1200
3.7380	4.0060
9.3550	8.4830
12.0500	13.9400
10.4300	2.9400
11.1400	11.0600
12.2200	9.9250
8.5250	8.8220
3.4970	7.4920
11.5500	10.8800
4.7150	12.0000
9.2550	0.1346
10.0600	13.0000
0.7999	8.6470
4.0440	8.6450
8.8650	14.6700
10.0600	12.6900
18.6200	21.1200
9.8240	7.5140
12.1800	4.1510
3.8730	9.4200
6.5630	14.3100
10.0400	3.4670
9.0770	14.0000
7.8670	15.9500
8.4370	8.2440
16.1300	8.6050
2.2960	6.2950
10.6000	12.6900
6.4040	13.8700
8.8970	4.1610
4.8940	6.2460
16.6700	7.6140
12.0800	4.3770
9.4170	2.8730
8.0140	4.0210
12.5200	10.4700
3.2140	12.9900
3.2830	13.5200
18.1400	8.8350
9.5300	6.3020
15.1600	3.7460
14.0400	12.1800
9.7300	9.2370
12.4800	10.0400
12.8200	8.0790
6.5800	10.2700
12.2000	13.3100
9.5700	9.4590
8.2160	15.8400
1.6270	10.7300
7.1580	14.3400
14.0400	4.2050
7.1300	6.8870
14.7200	9.7260
8.2300	14.9000
4.1720	14.2800
5.1740	9.9030
2.3430	3.7010
12.6400	10.1900
6.1390	8.5260
7.1960	9.0360
16.8100	10.2900
8.2730	15.7300
3.4990	8.5160
7.1480	8.4330
4.6150	1.0590
5.2830	8.3860
12.0500	15.1900
8.2680	11.8200
7.2270	12.3100
11.5600	7.5910
10.1400	5.4230
6.0920	6.0190
13.6800	11.6800
7.6590	12.4700
10.4100	8.3980
5.8300	8.1720
11.1400	3.4760
15.1600	13.1900
10.7600	7.0710
8.4980	8.0820
4.2710	10.8200
9.7880	7.4540
7.2970	11.2100
5.3700	9.3410
11.0600	6.2370
9.2440	1.8570
12.5300	13.0900
9.3860	9.2660
8.6050	11.3900
13.1200	3.4900
14.5000	21.0300
7.0270	3.9300
7.8950	2.5420
12.3500	4.1540
11.2600	15.2800
4.2500	6.6750
10.3500	4.8090
5.9920	11.3400
9.1880	10.9000
6.6130	11.4200
5.2750	3.4670
6.9020	9.5080
21.7300	10.8100
4.3760	17.5600
12.8700	9.1790
5.7460	16.1300
9.7490	7.7360
8.9080	14.9300
13.0800	12.9000
10.0400	6.1770
10.9000	14.4500
9.4020	8.3760
13.0700	3.1780
15.8500	10.7500
15.4700	15.0000
9.1170	14.2000
11.3300	7.4820
15.2200	15.7800
10.2800	3.7490
12.1300	5.8760
12.2100	1.9730
13.3700	3.0350
10.2800	7.5960
11.8000	7.4430
8.2120	13.3400
13.1100	4.9760
3.6560	5.0150
14.3000	13.7500
5.8800	7.1370
11.8800	12.3400
3.9440	8.5610
9.1610	6.5440
4.3780	8.6040
2.5330	8.4400
12.6500	6.7470
15.9500	9.1900
8.9680	13.7900
6.2680	14.2200
12.4300	16.0800
14.4100	10.7600
5.8130	9.9570
8.5380	11.5500
6.0920	9.9740
6.5630	8.9270
8.7960	4.1880
12.8800	10.5600
2.7890	9.4440
12.0100	7.2290
5.5560	9.0470
9.2730	2.4990
7.3930	10.1000
7.5970	11.9700
10.5500	11.3700
10.8200	9.9370
6.2810	13.2000
9.2870	11.5400
9.4320	14.0100
17.8400	16.4800
8.8800	11.7300
13.7600	11.8300
10.9400	12.5500
10.3800	9.2420
9.4800	12.0500
12.1300	8.0550
8.4180	6.3150
12.4700	9.4720
6.2140	4.4850
7.5390	8.1400
3.6100	12.0400
10.3700	14.2400
14.6400	9.5110
9.5620	8.9110
3.0620	3.7770
12.5600	4.7150
10.5600	6.3310
5.9900	1.7530
11.8600	10.2200
8.3530	11.6700
12.4700	11.9800
9.9090	3.7620
10.1900	14.2800
5.5900	11.0000
10.7900	10.4600
5.6810	5.7050
12.2800	11.5100
10.7800	9.4600
10.8900	13.6300
13.5500	3.2060
9.5370	8.8870
11.1700	13.9700
8.9990	7.6010
13.6900	7.1020
3.0650	13.5300
18.3700	4.5540
13.0300	10.6900
5.9750	9.2720
7.9560	7.4560
10.6700	12.8900
6.8080	11.9900
16.8900	6.0820
9.6420	11.6300
9.4010	6.0290
8.7730	5.6640
9.0740	7.0920
2.8500	13.3200
12.5500	9.1190
5.5570	16.2600
12.0500	9.7570
12.1500	17.4900
7.7780	9.0170
9.1760	17.9500
5.3500	13.8100
8.4450	4.6890
5.1150	11.9400
4.1460	6.7010
10.3900	7.2940
9.1720	9.3640
11.0100	12.6400
10.8200	10.5400
13.3200	9.3650
19.7500	8.8220
7.6470	8.8920
11.3400	5.6370
6.7580	6.7450
9.6210	7.7810
16.8900	13.5700
3.1300	12.1200
10.5800	11.8800
12.9500	13.1000
9.6690	9.5280
6.3740	16.5400
13.7000	10.7700
7.9330	11.0400
13.8200	8.0390
12.5300	10.0600
7.6720	7.4600
9.6780	5.7880
11.8600	2.4840
5.0230	5.6560
5.4000	4.7260
11.6700	13.2100
9.8750	16.9000
8.6540	12.5000
14.2200	11.5100
8.3260	16.0000
6.6400	9.5290
8.3620	10.8200
11.1800	12.4600
13.1500	9.0910
10.9600	14.0900
5.3690	5.7920
8.2970	12.7800
10.8000	13.6300
10.1700	17.2800
12.1100	9.1760
10.6300	9.8530
9.1970	12.9800
11.6100	12.3700
11.0700	9.5410
17.6000	14.1000
4.4060	14.2300
4.1860	11.3800
4.9460	17.6200
8.8910	6.7310
9.8840	9.7280
5.0810	9.7360
3.1800	6.5090
12.5700	12.5600
12.2000	12.9300
2.7590	15.3300
4.2490	5.3460
12.5300	8.4330
10.8600	1.5720
8.4960	6.8800
10.1100	12.1400
11.5500	7.4780
14.4200	12.4500
6.3230	7.3430
15.5200	9.7140
5.8420	11.8200
11.8000	7.9810
3.7620	12.2400
2.3310	3.5390
8.4360	14.8800
6.7280	14.2500
4.1370	14.2000
5.2390	24.4100
4.3370	10.2700
0.8514	6.5450
12.1400	7.0680
9.3120	6.3780
11.3500	9.5970
1.6830	13.7100
18.8600	11.6500
13.0400	4.5290
11.4500	9.9320
7.1360	6.1740
8.6450	6.4260
13.0600	8.7760
12.9400	11.8300
11.9600	3.9580
6.0790	13.2700
4.3610	5.7870
7.3050	8.8960
7.1060	3.3770
9.0590	11.0000
11.6000	11.5300
9.9140	8.8840
7.3590	13.8500
4.6840	8.5060
8.5510	9.9520
11.6300	8.2220
9.0480	13.4900
14.8100	9.8040
12.0400	11.8400
17.7000	9.7940
10.9800	6.4680
10.1700	3.3370
8.4860	9.5470
3.7680	12.8000
4.9330	3.9250
15.2200	9.9350
10.7100	14.0700
11.2300	5.5590
11.9200	10.3400
8.9700	7.6240
11.7500	11.0300
4.8870	16.6700
3.2010	13.1900
9.2560	7.7450
7.8010	8.3250
14.0200	4.2600
4.6650	12.8600
10.2200	10.6300
13.3400	10.3500
10.5500	13.0900
6.2130	8.0220
12.4900	15.6500
14.0300	10.3100
14.0900	11.5700
3.8210	5.5830
12.3500	14.5700
14.3200	3.4610
10.0400	13.7400
8.8460	15.3200
2.5890	3.2900
7.3110	9.8390
12.1100	13.3600
10.6800	6.1870
10.3700	9.7320
11.6500	13.7100
9.4610	12.8300
9.7490	18.0200
1.2190	11.8800
3.4720	11.2400
10.8500	8.7810
10.1400	11.8200
13.2600	7.3430
5.3510	9.5250
9.2430	11.6800
11.8600	14.2300
3.1750	1.4680
9.0540	14.2500
9.9600	17.0500
11.1800	13.7700
16.3400	16.9200
10.8000	8.2170
12.4600	17.8800
13.9300	9.0910
12.7700	15.8400
9.7720	11.5000
14.1400	9.6860
7.7490	9.6260
4.2340	0.8684
10.8900	11.7300
12.4700	9.3380
15.6500	10.8500
13.0100	5.9590
10.1300	11.7900
7.9960	5.4880
12.7600	8.0970
19.8000	11.3100
15.0800	8.5850
14.4500	12.7400
14.8500	16.6600
8.9100	12.8600
4.2480	10.1300
6.6720	2.5340
9.1770	8.4220
3.1520	8.7540
9.1820	10.4600
10.1600	9.1740
3.0050	6.2840
10.2600	1.7880
12.9800	16.6800
14.3600	7.7370
9.8000	3.9380
7.6800	12.0300
10.9800	8.7420
13.1200	15.2300
11.6800	11.6900
15.7900	9.8540
12.1500	5.2410
10.6800	15.0900
8.0070	14.2600
13.5200	11.9100
6.8540	4.6200
9.3470	13.5300
12.3100	5.4120
2.1560	4.0630
7.0850	10.8300
12.9200	1.2060
12.6400	11.9400
12.9000	10.6400
4.4130	5.7070
12.3800	11.9100
2.6510	12.7900
17.6000	12.0600
14.1200	13.7800
13.3800	23.4100
13.8100	4.8730
9.1910	9.7190
11.0000	10.4200
19.2500	2.0870
7.3960	5.2060
8.3230	4.7260
4.2450	9.2080
10.8400	4.2000
9.3270	10.2800
4.5380	15.6800
14.5400	11.3800
9.3100	11.9000
10.4600	13.9700
14.4900	10.8700
7.8840	7.4090
8.0850	12.6200
8.6840	10.8000
11.2900	3.1740
4.9970	9.5290
13.1600	10.1100
6.4930	7.5800
9.0450	6.7340
11.2800	2.0020
10.6200	8.7990
9.9280	7.4920
15.0900	4.8520
1.6270	8.5900
8.8180	4.8140
14.2400	9.3520
13.4100	9.8740
9.1160	8.6850
1.5290	5.7280
7.6160	7.2290
8.7930	11.8800
12.1400	10.9900
11.1800	5.2860
13.2900	15.6700
18.0300	16.7100
12.8100	12.3600
8.2670	7.6800
15.9500	14.7300
8.5330	13.9600
5.6580	13.6500
9.7490	10.7700
7.0390	9.2430
3.8910	13.2000
11.5300	1.0700
9.3020	6.9670
13.8300	7.3380
8.8150	6.0020
5.1910	7.0270
11.0800	7.0970
7.9430	7.9080
5.3460	5.7360
8.4390	12.9900
4.7460	6.6690
12.4100	4.4550
10.1300	5.1730
12.7700	7.4580
12.1600	13.6800
4.9340	9.5360
12.7400	8.2050
12.5600	4.2720
0.8420	14.9100
21.6800	11.3300
11.3900	10.6700
11.4700	14.4100
10.0500	11.1100
3.3050	11.1700
9.4530	9.5770
14.0100	12.4000
8.9700	9.1150
21.0200	8.6120
7.8710	15.8700
16.2500	10.3900
6.8610	1.1290
11.8900	4.8430
7.4660	5.8840
9.7680	3.1930
13.0700	9.4510
10.9900	10.1900
6.0620	6.0430
5.5060	6.6330
5.1240	14.4000
14.4400	17.1600
8.0030	12.9900
12.2100	4.8500
4.6510	11.2700
8.5310	9.0190
5.2590	11.4900
6.6750	12.3800
12.1800	10.7100
14.4100	10.3900
4.3840	13.4000
8.5930	12.4000
10.0600	13.3200
7.8750	5.4550
13.6200	12.3400
5.5940	1.1340
15.4800	10.6400
12.6200	12.1700
4.9400	8.9970
5.3250	6.8450
10.6000	13.7500
13.5700	15.5400
10.0100	11.2500
10.0500	10.9900
10.0100	11.4100
12.2200	10.3100
11.5200	6.9880
7.9150	10.7700
11.4300	7.5480
12.4300	10.2500
15.5600	8.3970
8.0510	14.9700
12.7300	5.1140
10.4700	4.9130
13.3300	11.4200
16.4600	7.3700
11.9000	10.5700
6.2330	12.3900
9.5120	9.1750
6.8600	10.3300
8.1380	11.5500
6.8080	11.3400
2.9820	5.9260
10.2400	10.3400
10.6700	13.6300
4.1130	10.2200
10.4400	11.9600
10.8200	9.0680
7.4230	5.6690
16.2000	12.1100
16.2400	7.0250
2.9670	11.9500
10.4500	6.5510
11.9400	12.9600
9.2110	2.1290
8.6980	11.3500
9.9760	13.6200
14.8100	5.5570
13.2500	7.6490
7.7400	13.3800
14.3400	14.0200
8.9280	5.2420
11.8700	10.0100
6.1270	11.6400
8.4220	12.2000
8.0780	16.9400
7.7210	2.3990
11.0800	8.8400
15.6100	15.5000
4.0970	9.7220
9.2660	10.4700
2.2990	4.2270
8.1210	9.7650
15.5400	5.6270
13.0200	12.4900
10.0800	9.1590
8.3830	9.5480
8.0640	6.0750
5.3580	6.1750
4.4680	3.1430
14.4400	9.7470
8.6340	12.1400
12.9500	7.0940
11.8300	12.0400
10.5400	11.6200
12.7800	9.2300
12.3000	9.5450
7.3810	10.3400
14.7700	5.7780
7.8730	13.4800
16.3700	6.4780
13.0500	7.3370
6.2780	7.2850
8.9190	15.3500
10.3700	12.3400
8.1760	8.1740
12.2400	11.6000
17.0700	6.2400
4.8150	12.1000
10.8200	12.4700
6.4750	5.3770
9.1950	14.2100
8.6570	11.2700
10.5200	4.5980
11.2000	14.9700
12.4100	10.3300
10.6800	6.6980
12.9900	11.4200
7.8330	7.7760
14.0000	12.3000
8.6810	12.5100
13.1700	15.9700
13.5700	12.7000
7.1210	5.6060
9.8310	7.1360
15.5600	12.8900
14.1500	9.5130
13.0000	9.4970
11.3100	3.1270
6.1380	10.2400
3.1850	11.3900
14.0100	3.3160
9.2300	9.2610
10.3700	8.4210
1.9290	9.9850
10.1900	11.1300
13.1100	8.2570
8.5340	15.0800
8.9710	13.7800
17.3900	12.6000
13.8000	4.2350
9.1190	9.4830
5.8770	4.1390
11.7600	10.7400
14.5800	10.5500
13.1900	13.0600
17.0300	5.1660
10.7300	12.8800
14.2700	11.6200
5.5550	8.5120
5.2050	12.9300
9.0940	7.7690
14.1000	8.3090
10.8500	8.9420
13.9900	7.0950
9.2110	10.5600
10.2200	9.6330
10.0100	12.6400
12.6600	10.6100
9.9570	15.8300
11.1400	12.3900
3.6390	14.0700
12.9500	10.4300
10.8900	12.2600
12.6400	5.5940
12.5300	11.7700
11.7700	5.9730
16.2000	6.6650
6.3960	10.0200
8.2720	6.4890
16.2200	17.5900
8.0010	5.8540
8.4750	10.2600
9.9150	8.8820
9.4950	12.4100
14.5600	11.4200
8.6190	12.6700
9.5110	11.7900
4.5160	9.1180
8.1560	12.7700
12.5800	11.3600
12.4600	15.3100
6.8330	12.5300
7.7730	9.9510
5.5510	9.9990
2.6560	13.0600
16.7700	8.4420
11.4900	6.3430
10.7200	8.6040
5.9530	17.7900
7.7920	11.9000
7.9730	10.4700
13.8400	11.4700
10.8500	11.2000
5.2460	4.6560
15.7200	13.6100
8.3150	5.0430
10.1000	12.4800
12.9100	5.7030
11.4300	2.5240
9.4180	14.3800
8.2330	12.8800
14.3700	8.0090
10.0300	14.5200
14.3900	8.1220
1.3000	9.6830
18.5800	10.1000
4.9090	5.8070
12.9700	13.9500
14.7900	8.6450
7.2050	12.4900
11.0800	3.2290
11.3900	12.0100
7.2400	7.7330
13.5400	7.8260
13.6900	9.6820
2.8520	6.9580
9.2440	11.2600
9.5460	11.2900
12.5800	6.2170
12.4400	6.5640
10.6800	18.3300
6.4020	10.0900
11.4600	7.4670
10.8400	15.2600
7.7120	14.5200
9.9950	8.4200
8.3850	3.4200
9.3310	7.7140
4.7300	14.6700
10.0500	12.9900
6.1460	9.7390
9.9130	9.4340
11.8300	11.4800
2.3880	7.0020
12.8200	9.6390
7.5770	5.9610
9.6880	8.1430
11.4500	9.8290
14.5700	12.5300
11.6900	7.3990
8.0650	9.5470
5.3510	10.8700
5.8410	9.7400
8.1680	10.7700
11.8700	10.4000
9.7720	11.0900
11.6900	10.1200
11.4800	11.7600
10.8400	8.6900
5.7520	6.3250
7.6040	9.8590
9.7790	12.5600
3.9230	5.6810
6.9470	12.1400
8.9810	17.2300
10.7400	9.3850
12.9300	2.7000
1.8040	8.6390
9.8850	12.2500
12.1900	6.3990
8.6070	15.9100
12.1900	11.4100
10.8800	12.8600
10.3300	8.4410
5.6520	10.5100
5.8280	3.7270
13.2500	3.7370
8.8770	14.4600
11.4800	8.7700
9.8340	15.7400
7.1830	14.5000
8.5000	12.6500
6.7560	13.0600
6.8310	3.9210
14.2100	4.1180
13.0000	11.8400
8.9150	3.4410
12.4100	10.2700
18.4900	11.9300
13.9500	10.8000
4.8680	10.3700
11.9500	11.6000
13.0200	9.8340
9.6470	9.1760
6.6230	11.1400
7.4130	7.8010
14.5800	10.3500
11.0100	12.7400
8.1140	14.6200
2.8780	4.5730
14.8700	10.0800
12.1900	9.3170
11.7300	15.7500
13.3700	7.2970
1.6900	7.7540
7.7970	0.3229
16.0900	7.5300
10.3600	9.7560
6.6990	5.8330
13.7300	12.6000
10.4900	12.7800
9.1400	12.2900
13.5200	3.8530
9.4370	12.8600
13.2300	17.5600
11.1100	11.0700
8.2350	7.3220
4.3790	6.6020
6.9450	2.6500
9.3910	11.7500
14.4400	3.0720
17.8000	9.9260
11.3600	15.9800
12.6200	16.7500
15.2100	8.2200
11.3500	4.1410
4.4700	11.6500
2.0120	13.7000
11.0400	4.0600
8.4410	4.4650
7.4750	9.8450
8.9680	2.7240
16.9400	9.5330
3.7890	9.6750
9.7130	10.7700
5.0950	8.7950
9.9460	8.3070
2.4900	7.6700
6.5380	7.1420
13.8600	12.9100
6.5180	12.8100
6.0890	9.7770
4.8680	9.0810
0.7700	10.8600
7.9600	6.3060
4.6800	11.9500
9.9350	13.6200
1.3650	11.1200
11.7800	11.9200
2.9330	14.5300
18.3000	13.1400
10.4600	8.1280
9.7580	16.4500
10.6600	11.7100
7.0930	8.5870
12.2700	10.8700
5.0560	12.7700
12.1100	8.3960
4.3330	14.5100
13.3000	6.9490
11.0400	8.2150
11.4300	5.0130
9.6840	11.1900
8.0370	9.9240
8.2400	4.3810
23.1100	13.6000
13.2900	11.8200
14.1600	6.2490
14.0700	11.2100
8.9350	12.5100
7.4120	15.2800
12.3800	11.7600
11.6900	7.0620
11.2800	4.3500
16.2000	11.4900
12.6500	3.2050
6.1420	9.6760
4.7310	7.1000
8.9040	15.1300
8.9480	11.1200
5.0150	14.8800
15.4700	9.7050
10.7400	3.1360
10.1900	7.5550
10.7400	2.3880
10.1300	13.3100
9.8560	12.8500
9.2730	7.1110
9.1050	16.1300
8.4690	10.7900
9.6630	3.5940
11.2200	10.6600
3.5430	6.3820
12.1300	2.0590
10.1500	11.6100
10.3800	2.2340
11.1600	6.0910
11.8400	8.7400
6.0460	12.4700
10.2800	14.6000
17.6200	8.1790
14.7000	8.1590
3.5920	9.4850
9.5640	5.3170
9.8220	17.9700
10.2500	5.6350
13.5100	13.8900
8.3840	10.3200
9.8430	11.4000
11.7500	12.9200
11.7000	12.6400
10.5900	9.2340
18.1600	9.6540
7.6540	12.6300
9.5390	9.4230
9.1610	6.4810
11.9000	8.7320
6.5040	1.8750
13.2200	9.8990
12.0300	10.4300
10.0700	5.1950
8.7620	3.2470
11.3600	6.1770
11.3200	7.8950
4.3670	13.0500
13.1800	12.9500
14.8800	15.1400
4.3040	7.7080
4.5340	4.4370
11.2900	12.7000
8.6610	15.9800
5.7040	6.0890
10.8200	8.8550
8.0740	14.0300
5.5880	4.8660
10.1600	10.9900
5.0270	11.9200
7.7160	8.0180
8.4240	6.1300
8.6810	5.3610
7.1320	14.2800
5.0090	13.1300
7.6290	13.8500
3.5110	11.7100
8.2960	8.1480
13.3900	11.6400
13.8100	13.9000
10.8200	12.5900
15.2000	7.7830
12.8500	10.3900
5.9050	9.1650
14.6300	8.7140
13.5000	10.7800
11.7700	12.2900
3.9380	8.9840
9.2580	0.7688
9.9670	14.9700
4.8770	11.0500
5.1440	9.3380
2.5740	9.4080
16.6600	7.2920
6.3960	12.2100
10.4700	5.2450
17.1200	3.5330
9.3920	8.7260
8.3730	13.9400
7.4290	4.8230
6.9980	9.9130
6.3440	11.9800
9.1650	13.3400
11.4100	8.0240
9.5550	8.6880
12.4800	4.8080
9.3350	7.1640
0.5944	7.7050
11.5300	11.9100
9.2710	10.6600
8.0470	11.3000
6.4260	13.0900
9.2080	11.9900
7.6240	11.8900
12.5100	14.2800
8.6010	12.5600
9.5250	9.7820
2.8470	9.6600
4.6580	11.9400
13.1500	13.7700
10.9200	16.2600
6.9050	12.5600
8.7530	6.8180
9.5410	8.2180
12.9300	5.5000
5.1290	13.5100
16.5700	11.1500
12.1100	1.6730
6.7940	7.8780
8.3070	6.0180
2.8610	4.5570
9.4590	13.0100
12.4100	11.8400
5.5960	6.7570
10.4400	11.2900
10.8300	5.6520
8.4940	6.8370
6.3860	5.3100
9.7470	9.2070
13.7900	15.0500
13.9600	6.2720
7.9420	13.3900
17.5000	5.4350
11.9500	10.2400
4.6880	7.7720
3.1070	3.8790
3.0790	8.6300
11.5600	6.0610
9.0910	3.5180
12.7900	17.0000
13.4500	13.6000
3.1490	10.0300
12.8600	11.9100
14.7600	7.8780
10.5900	6.9120
11.8800	11.5700
11.6200	2.1570
10.2900	5.7530
15.8800	9.6830
6.0420	1.1580
8.4650	9.6680
6.9290	14.8800
7.7330	5.8050
9.2250	9.7560
13.3300	11.9400
7.4660	7.8920
6.3390	9.5100
6.3560	8.3980
7.4240	6.8220
14.3100	12.7200
5.6030	11.0800
6.4050	6.8000
6.4820	9.8640
7.8360	8.7470
5.5070	8.8870
10.8800	12.7200
12.1800	9.6420
8.1270	6.1500
15.2400	11.5000
3.1350	7.9900
13.6500	4.7220
3.9060	10.4200
10.8100	3.2360
10.8200	14.6400
11.6900	13.2000
9.8130	8.8450
4.8010	5.1000
10.5700	12.5800
4.3340	5.4440
10.3300	7.1940
13.3200	11.9300
2.1640	9.5800
9.2460	8.9540
12.3500	9.0310
11.0700	2.2280
5.1500	1.8210
10.0500	14.3500
12.6400	13.3400
12.0900	10.5400
15.5600	0.6857
8.4350	3.2740
13.9200	4.7020
2.9820	11.7000
9.1120	1.9640
1.9210	10.7200
7.0590	12.2400
3.6120	10.9100
14.8000	11.7000
8.6270	2.6920
7.2600	12.5400
13.3500	11.1100
1.9990	12.0100
11.4900	9.2200
10.8000	15.5800
7.7140	4.4350
8.2850	6.5190
7.6240	7.7250
13.5000	2.7110
10.6600	4.7110
10.2300	10.9500
15.4500	6.4040
6.9930	12.2500
11.4500	11.0700
12.3800	3.0980
14.4000	13.9500
11.5900	8.5380
15.2300	6.0550
12.0900	12.4300
3.0530	12.2300
13.3300	4.1990
15.2500	16.0400
12.0200	7.6150
7.5110	9.5750
6.5680	6.8430
6.1430	2.1540
8.6640	1.5140
11.0500	14.5500
12.5200	10.3600
15.9500	4.1460
10.0100	11.5100
11.7500	0.4655
12.5900	10.1800
9.0050	6.6830
8.1620	4.2970
10.7800	2.6210
11.7900	12.2600
11.1900	8.7230
11.7800	9.8010
17.4800	8.9510
12.2000	13.5200
9.9000	4.4310
5.4600	10.1900
8.7640	10.0900
8.8540	6.2410
10.2000	12.3600
6.6000	2.5690
11.0700	8.5350
6.2390	7.3430
12.1600	7.6350
12.4200	3.5860
3.3770	11.7300
4.3110	11.0400
10.9300	10.5600
7.8390	2.6000
5.6690	1.8070
12.5100	11.8300
16.7700	9.6240
10.1200	11.5400
14.3700	10.1200
8.1780	6.9630
10.4600	10.5800
12.7600	7.2700
12.5300	10.2500
4.3180	9.4460
1.9330	10.6600
13.4400	11.6500
9.1640	14.3700
16.7700	13.8400
7.3840	1.0800
6.5800	9.8360
20.2600	10.8600
13.9000	6.0130
12.6400	12.5500
8.4980	9.3240
12.0700	14.3400
8.2490	10.2600
7.9810	5.4510
9.7630	6.6100
12.6600	6.2180
9.7420	10.7500
16.6900	6.1530
7.5710	14.5100
12.6000	8.8560
12.8300	9.6630
10.3500	8.3440
10.6400	9.8130
6.9010	6.3710
12.9500	8.3340
10.6600	9.2090
13.5900	13.2500
13.2100	5.0930
7.8470	8.9090
10.6400	8.7290
8.4390	12.1100
13.2500	3.8770
15.1600	13.5900
4.9570	11.0000
6.5500	11.9000
11.1200	7.9740
10.2000	6.2130
7.5680	11.3600
12.5100	14.2800
11.4600	5.8830
8.9240	10.6900
8.6760	12.3800
13.4700	11.3400
8.2400	12.5800
5.9290	4.5890
3.4340	11.9900
11.7100	7.5400
7.5200	10.7000
9.9880	7.0960
11.0900	3.1100
9.2910	10.7100
12.8700	10.7100
10.1500	10.6700
4.4280	4.7410
11.4000	14.5400
11.7200	2.9280
15.0200	7.1900
7.7750	17.0700
7.1490	9.5890
10.9100	8.1130
11.8700	9.2380
12.9700	9.7650
11.6500	4.5860
8.8400	14.3700
7.9300	5.2490
10.8200	13.6500
14.3500	10.5400
8.4080	10.5900
5.8710	5.0490
10.9900	5.0640
14.2200	15.6900
11.0600	7.8210
3.8940	5.9800
7.6080	3.6540
15.7100	11.4900
9.2090	8.3830
5.5650	7.8980
6.6170	11.9600
18.1800	20.3900
4.9480	11.1700
12.7400	3.7530
9.4290	5.3520
11.3100	12.5100
6.6820	3.8480
10.2300	8.5840
11.2300	8.6430
6.0320	10.3900
12.0100	2.7350
10.7800	13.1700
4.0010	13.2000
11.2200	3.9040
11.5300	11.7700
14.0300	11.5200
7.7080	6.9660
11.4700	6.2840
8.4970	9.8810
11.0600	8.6960
12.0500	5.6140
8.3550	6.6030
5.6230	15.7000
9.2470	14.3700
12.0300	6.9570
2.0580	11.9100
15.2100	11.1300
11.8000	12.7000
10.8400	15.5100
12.1100	8.2120
17.1100	12.3000
7.7880	6.1430
11.3400	1.9500
10.6300	15.0600
11.1900	11.6100
10.6500	3.2960
7.0310	9.7200
13.2500	9.3120
4.3710	12.4200
1.9320	12.6400
15.2300	2.8860
10.4100	3.7540
12.8600	5.5020
7.4730	4.4440
17.6300	9.6500
6.4630	4.6770
8.3710	0.8484
9.1290	12.1400
12.9600	10.2600
2.1700	11.0600
8.8750	13.4100
7.3680	11.2700
13.5900	6.0730
11.7000	0.9109
15.1900	9.6770
13.2200	4.3350
7.4060	18.1000
6.8430	15.5200
5.7900	5.5170
11.5700	15.7200
12.9500	9.1970
14.5900	3.0910
17.6600	9.8340
6.2440	10.6100
3.0120	14.8700
7.7110	5.0820
11.6900	8.5790
9.8060	13.6600
7.8530	12.4300
4.5950	11.4500
3.1870	12.2600
2.8570	10.1100
9.8120	12.4900
12.3600	8.0840
13.4600	8.5830
5.8260	1.6610
8.8050	6.5060
8.4890	14.3200
14.8300	17.0600
8.0120	3.1090
7.1720	22.9200
16.8600	12.9100
14.5300	7.3660
2.1580	14.0000
9.8550	7.8280
11.4100	11.6800
7.9670	17.6000
10.1900	3.3000
9.1980	9.0930
16.4200	9.8850
10.6100	8.8800
15.8700	15.0300
8.9760	10.7500
8.2550	3.5780
5.3650	12.8900
7.5720	8.6840
8.2550	9.3820
15.2200	1.9380
12.0600	9.5770
4.5260	8.8130
9.7620	15.8700
12.8300	15.6500
11.3400	11.1100
12.4500	6.4370
9.6840	8.7880
7.1580	8.0090
6.8020	3.9350
1.7230	8.7930
8.4200	4.1060
6.9560	9.6240
7.0650	11.4500
10.7900	8.9520
11.8700	12.8700
13.8500	7.1430
10.7300	2.1250
15.4800	2.7430
7.8840	2.5360
10.1200	2.4920
20.4700	12.1400
12.8700	11.2500
13.6000	8.1000
8.8930	9.2380
9.3740	11.9500
6.0870	13.0600
11.2000	11.4700
10.5600	13.3100
20.0500	19.5900
11.4300	12.8400
15.3000	7.8820
3.7220	2.8290
13.9800	6.1310
5.5960	9.0040
15.8900	11.0700
8.6170	10.5900
13.0500	17.0300
12.5800	12.9700
14.8300	10.5600
12.5100	7.5790
16.3100	4.2160
4.3990	10.5300
9.9180	11.2700
8.0200	15.6200
9.9770	3.3780
11.4900	12.9700
7.8570	2.9950
7.8710	8.7810
4.6880	3.4340
16.8000	5.4000
11.9000	2.8110
3.6930	10.2800
9.3470	1.0740
2.3800	11.3400
9.0470	11.0800
10.1600	11.0300
3.8520	13.5600
10.5200	5.4850
6.4060	7.4170
2.0230	8.3580
12.5100	10.0300
12.2300	10.5600
10.4600	9.9150
9.9350	8.8340
13.3200	5.9490
10.4300	7.5940
7.3060	5.4060
8.5760	4.1960
12.0600	1.9620
15.3600	14.6000
1.7950	6.9080
6.4690	14.7100
3.6610	8.0050
11.1800	12.6400
7.0560	11.7900
13.9400	13.4600
13.5700	13.6900
11.2400	11.5700
9.4450	6.2530
7.7570	12.6600
7.2760	7.9550
10.3100	14.0100
9.5020	12.3100
13.3900	2.8950
2.6220	3.2330
8.2440	11.7900
3.5300	11.1900
14.6300	11.0600
7.4230	10.3200
11.9900	10.5200
6.8330	14.6500
14.7400	9.2270
10.6800	12.2900
12.6200	5.5880
9.7340	4.9050
13.4500	9.6000
9.6940	2.3660
5.9080	7.4090
7.3240	8.0950
13.6500	14.3600
14.6300	10.4800
11.4300	3.6690
5.1860	6.2270
16.0300	6.1860
9.1640	15.5600
7.9120	8.1660
14.6100	9.9710
5.8120	10.0200
4.4780	11.6300
9.9910	8.4430
8.8870	13.6400
7.8880	8.3380
13.5000	8.9490
8.9940	10.6700
6.5900	9.8670
9.1310	4.7050
10.5000	13.0600
3.7500	9.5740
10.4900	7.7990
8.7990	8.8690
8.5280	10.4800
5.0330	9.0750
11.6900	8.2840
15.4100	4.0650
1.6050	3.9070
10.4500	11.0300
10.7900	10.3000
4.2050	3.6350
14.7500	13.5600
12.0400	6.9570
13.1900	9.9330
9.8050	12.3600
12.6300	16.1600
13.3300	8.4990
13.1200	13.6900
16.4300	6.7650
8.9030	7.6900
4.7940	7.1120
5.2090	10.4100
9.2730	6.3920
7.6660	12.4500
3.8820	1.7080
14.6400	11.0100
6.3790	16.2600
3.2670	10.6000
9.9260	12.6300
8.0240	3.8640
2.3330	3.3440
2.9000	12.3400
6.2770	10.5500
16.4500	16.2500
5.6900	16.9900
3.9240	9.4440
13.4700	13.0800
11.2500	7.8240
2.8450	9.3190
9.3450	12.1600
9.1980	8.6780
1.5420	10.8900
8.5130	8.9900
17.2000	24.1600
7.2300	10.6700
15.1000	5.6700
12.0600	11.4500
3.9970	8.9900
7.4930	10.5800
13.4700	7.2110
13.6400	10.6000
15.1100	13.6800
11.1900	7.5510
10.7200	11.8300
10.3300	12.5900
3.2900	9.8640
17.3500	12.1200
12.8800	11.9800
8.3600	8.2970
14.0300	17.2800
7.8250	8.5280
1.3700	8.9390
11.1700	9.2600
10.9300	9.3330
5.6720	14.8500
11.9400	8.1710
5.4240	12.3600
13.8600	10.5100
10.4500	8.1450
8.6440	10.5400
11.1100	10.7900
6.7470	11.0100
9.6320	7.8110
12.9100	15.6300
1.2720	8.6950
2.2890	11.9200
15.5800	5.0600
11.5200	5.5580
14.7800	9.2770
10.5300	10.5500
12.5700	9.7420
10.1300	10.8200
12.2000	8.5790
2.1200	7.3690
8.0000	7.6930
0.1635	10.4700
8.0870	7.8550
8.1840	10.9800
9.5770	15.6900
10.7700	15.9400
13.0600	5.8320
10.9000	10.2700
8.0050	10.5300
2.5590	8.9230
13.9300	13.1300
11.4500	8.7800
5.0180	7.9300
2.5680	10.1700
4.5510	1.7450
7.1970	7.8030
12.7000	8.1040
12.0500	7.6920
9.1900	16.1000
8.8400	11.8000
9.0480	10.4500
5.8710	13.3700
2.9560	6.0460
7.7420	9.3060
10.6900	9.8260
8.6870	15.3300
12.6300	6.8120
12.2700	5.6550
9.8580	11.0200
7.2350	13.3800
11.0200	6.1060
15.1800	14.0200
10.2500	12.2900
9.4550	6.5770
14.0100	9.9210
12.0700	10.6900
13.1800	13.3300
3.3080	3.4280
9.9030	10.3900
9.8700	10.9700
7.9520	8.8420
3.7920	8.9830
14.5400	11.3200
10.1500	10.2800
15.2200	7.0530
1.1350	11.6100
5.6670	11.4100
9.1670	9.2190
12.9900	17.3700
8.0900	11.4000
8.5800	13.6600
4.1680	12.3500
6.3460	12.4800
10.3700	8.7890
8.3030	9.5440
5.4840	8.6960
3.5770	8.4630
18.0800	13.3100
8.6090	6.1600
2.6910	8.1730
12.7400	14.2200
10.3500	6.9100
14.3300	2.1080
14.6700	8.1470
9.0000	7.7530
13.6700	3.6720
3.7040	13.1500
16.2500	14.1800
11.8600	10.2200
18.9100	8.8260
11.4200	6.9570
12.9800	8.2010
18.9700	16.1000
9.0800	8.5320
12.7300	10.9200
11.0300	12.1500
6.5360	12.0700
9.4240	10.9900
13.2900	8.2740
10.1000	8.6620
6.5800	10.7800
13.8300	11.9100
9.0750	11.7900
14.8900	14.4400
15.1500	6.9130
9.7030	12.8600
13.9700	8.1210
12.8400	12.5300
9.7070	10.9400
12.8000	7.7980
4.7810	7.1560
3.0840	12.5500
17.0700	10.7200
4.1240	2.0270
9.1860	17.2600
10.2300	10.1100
6.1550	8.7170
16.8900	4.9710
6.0820	12.0100
10.0400	6.5490
7.8540	9.5810
10.0400	7.4860
9.2010	6.0040
8.6650	11.6100
12.9700	10.4500
11.6800	10.6500
12.6100	0.9475
6.2110	8.5110
10.2100	3.7990
8.8100	8.0130
10.2200	11.6800
12.8100	10.1800
14.1000	6.4490
11.9900	10.1700
4.5240	11.0000
13.0200	5.4780
4.1140	13.1600
9.6750	5.2680
5.5900	16.5000
9.6100	15.0500
12.6900	4.1580
6.7710	3.6610
11.2400	7.7340
12.6700	9.2960
9.6330	11.3500
14.8400	10.1200
22.2500	9.6860
5.7680	3.5790
3.4840	3.9200
2.0290	8.8540
9.3580	4.4550
11.1500	8.5850
19.5900	2.7130
14.3100	13.7200
13.7700	7.6380
