# frame	R_proto	L_proto	RB_LB_dist
0	0	1	1.179430
0	2	3	1.254363
0	8	9	1.138144
0	12	13	1.444722
0	18	19	1.102009
0	20	21	1.396053
0	26	27	1.373861
0	28	29	1.455087
1	0	1	1.532160
1	2	3	1.241496
1	8	9	1.462445
1	12	13	1.281757
1	18	19	1.278696
1	20	21	1.424935
1	26	27	1.059216
1	28	29	1.215911
2	0	1	1.536389
2	2	3	1.470614
2	8	9	1.172183
2	12	13	1.459637
2	18	19	1.198735
2	20	21	1.375659
2	26	27	1.256854
2	28	29	0.990204
3	0	1	1.530762
3	2	3	1.263501
3	8	9	1.340115
3	12	13	1.350073
3	18	19	1.135352
3	20	21	1.341272
3	26	27	1.251609
3	28	29	1.321500
4	0	1	1.060242
4	2	3	1.124939
4	8	9	1.482112
4	12	13	1.343503
4	18	19	1.403663
4	20	21	1.327431
4	26	27	1.262487
4	28	29	1.387890
5	0	1	1.443104
5	2	3	1.146145
5	12	13	1.360397
5	18	19	1.193063
5	20	21	1.200512
5	26	27	1.391661
5	28	29	1.055205
6	0	1	1.036899
6	2	3	1.440506
6	12	13	1.056355
6	18	19	1.109686
6	20	21	1.500495
6	26	27	1.368938
6	28	29	1.235473
7	0	1	1.458690
7	2	3	1.310380
7	8	9	1.404685
7	12	13	1.456666
7	18	19	1.435697
7	20	21	1.038738
7	26	27	1.322276
7	28	29	1.243266
8	0	1	1.389436
8	2	3	1.161580
8	8	9	1.413129
8	12	13	1.500996
8	18	19	1.259722
8	20	21	1.145123
8	26	27	1.053523
8	28	29	1.485675
9	0	1	1.037218
9	8	9	1.045126
9	12	13	1.029069
9	18	19	1.334848
9	20	21	1.381423
9	26	27	1.155102
9	28	29	1.024567
10	0	1	1.375512
10	2	3	1.350772
10	8	9	1.068232
10	12	13	1.450054
10	18	19	1.442989
10	20	21	1.392184
10	26	27	1.063182
10	28	29	1.392938
11	0	1	1.402464
11	2	3	1.334447
11	8	9	1.507135
11	12	13	1.143073
11	18	19	1.244300
11	20	21	1.467857
11	26	27	1.398209
11	28	29	1.305914
12	0	1	1.316746
12	2	3	1.071058
12	8	9	1.224009
12	12	13	1.496155
12	18	19	1.352725
12	20	21	1.329263
12	26	27	1.367667
12	28	29	1.362706
13	0	1	1.363000
13	2	3	1.109510
13	8	9	1.115521
13	12	13	1.241314
13	18	19	1.413338
13	20	21	1.037600
13	26	27	1.171474
13	28	29	1.121218
14	0	1	1.260022
14	2	3	1.504205
14	8	9	1.197234
14	12	13	1.365037
14	18	19	1.164797
14	20	21	1.415133
14	26	27	1.084786
14	28	29	0.984414
15	0	1	1.359426
15	2	3	1.483610
15	8	9	1.382825
15	12	13	1.442532
15	18	19	1.048544
15	20	21	1.488223
15	26	27	1.125781
15	28	29	1.166972
16	0	1	1.474151
16	2	3	1.354610
16	8	9	1.200928
16	12	13	1.180002
16	18	19	1.224242
16	20	21	1.431239
16	26	27	1.289217
16	28	29	1.349118
17	0	1	1.232844
17	2	3	1.115817
17	8	9	1.340248
17	12	13	1.297826
17	18	19	1.396202
17	26	27	1.388219
17	28	29	1.278468
18	0	1	1.054268
18	2	3	1.038441
18	8	9	1.240439
18	12	13	1.357417
18	18	19	1.303802
18	20	21	1.521918
18	28	29	1.421534
19	0	1	1.232554
19	2	3	1.133187
19	8	9	1.144450
19	12	13	1.358528
19	18	19	1.395183
19	20	21	1.007039
19	28	29	1.269261
20	0	1	1.384162
20	2	3	1.048159
20	8	9	1.072829
20	12	13	1.429554
20	18	19	1.045489
20	20	21	1.387727
20	28	29	1.336609
21	0	1	1.265476
21	2	3	1.241358
21	8	9	1.508400
21	12	13	1.361525
21	18	19	1.211183
21	20	21	1.383815
21	28	29	1.114048
22	0	1	1.027218
22	2	3	1.354849
22	8	9	1.311842
22	12	13	1.241308
22	18	19	1.423665
22	20	21	1.467766
22	28	29	1.444359
23	0	1	1.221824
23	2	3	1.399975
23	8	9	1.172003
23	12	13	1.212202
23	18	19	1.220017
23	20	21	1.423315
23	28	29	1.378590
24	0	1	1.342797
24	2	3	1.206099
24	8	9	1.390170
24	12	13	1.445164
24	16	17	1.104553
24	18	19	1.225938
24	20	21	1.256819
24	28	29	1.253807
25	0	1	1.330582
25	2	3	1.218319
25	8	9	1.427432
25	12	13	1.434701
25	16	17	1.407739
25	18	19	1.335526
25	20	21	1.106439
25	26	27	1.351555
25	28	29	1.347602
26	0	1	1.293435
26	2	3	1.165363
26	8	9	1.008677
26	12	13	1.218525
26	16	17	1.079403
26	18	19	1.238885
26	20	21	1.351197
26	26	27	1.023612
26	28	29	1.120334
27	0	1	1.294532
27	2	3	1.093421
27	8	9	1.312398
27	12	13	1.112081
27	16	17	1.404376
27	18	19	1.345166
27	20	21	1.387538
27	26	27	1.349774
27	28	29	1.074097
28	0	1	1.090271
28	2	3	1.079572
28	8	9	1.061256
28	12	13	1.256952
28	16	17	1.142586
28	18	19	1.166237
28	20	21	1.254135
28	26	27	1.024050
28	28	29	1.453869
29	0	1	1.312942
29	2	3	1.366313
29	8	9	1.413751
29	12	13	1.324887
29	16	17	1.128929
29	18	19	1.227507
29	20	21	1.198342
29	26	27	1.321603
29	28	29	1.417614
30	0	1	1.433761
30	2	3	1.243266
30	8	9	1.440862
30	12	13	1.464965
30	16	17	1.021577
30	18	19	1.361206
30	20	21	1.026013
30	26	27	1.082559
30	28	29	1.336557
31	0	1	1.188024
31	2	3	1.124324
31	8	9	1.419766
31	12	13	1.382471
31	16	17	1.127155
31	18	19	1.419861
31	20	21	1.422889
31	26	27	1.139784
31	28	29	1.362935
32	0	1	1.080010
32	2	3	0.989723
32	4	7	1.148211
32	8	9	1.077288
32	12	13	1.296203
32	16	17	1.245860
32	18	19	1.215739
32	20	21	1.253150
32	26	27	1.331071
32	28	29	1.097055
33	0	1	1.212522
33	2	3	1.191246
33	4	7	1.122350
33	8	9	1.246196
33	12	13	1.593613
33	16	17	1.170639
33	18	19	1.443902
33	20	21	1.144035
33	26	27	1.186229
33	28	29	1.219840
34	0	1	1.477435
34	2	3	1.185097
34	4	7	1.142694
34	8	9	1.275022
34	12	13	1.384531
34	16	17	1.173817
34	18	19	1.297741
34	20	21	1.459865
34	26	27	0.986154
34	28	29	1.490387
35	0	1	1.182232
35	2	3	1.405173
35	4	7	1.441037
35	8	9	1.440078
35	12	13	1.277028
35	16	17	1.251982
35	18	19	1.238299
35	20	21	1.230975
35	26	27	1.189005
35	28	29	1.050747
36	2	3	1.343667
36	4	7	1.254019
36	8	9	1.525026
36	12	13	1.116814
36	16	17	1.429337
36	18	19	1.166441
36	20	21	1.290764
36	26	27	1.176609
36	28	29	1.497538
37	2	3	1.411818
37	4	7	1.098692
37	8	9	1.427138
37	12	13	1.220786
37	16	17	1.483930
37	18	19	1.379489
37	20	21	1.127060
37	26	27	1.285603
37	28	29	1.194627
38	2	3	1.466344
38	4	7	1.203795
38	8	9	1.135601
38	12	13	1.262299
38	16	17	1.521600
38	18	19	1.128216
38	20	21	1.345838
38	26	27	1.161932
38	28	29	1.062167
39	4	7	1.475917
39	8	9	1.186773
39	12	13	1.336079
39	16	17	1.102712
39	18	19	1.467567
39	26	27	1.368481
39	28	29	1.105958
40	2	3	1.445105
40	4	7	1.127546
40	8	9	1.417926
40	12	13	1.285708
40	16	17	1.354105
40	18	19	1.327619
40	26	27	1.472897
40	28	29	1.242472
41	2	3	1.206023
41	4	7	0.936274
41	8	9	1.246860
41	12	13	1.133004
41	16	17	1.337001
41	18	19	1.070765
41	26	27	1.209769
41	28	29	1.389714
42	2	3	1.403075
42	4	7	1.021832
42	8	9	1.110941
42	10	11	1.476437
42	12	13	1.333314
42	16	17	1.292653
42	18	19	1.213352
42	26	27	1.212639
42	28	29	1.427233
43	2	3	1.253906
43	4	7	0.977816
43	8	9	1.041916
43	10	11	1.450741
43	12	13	1.314867
43	16	17	1.126562
43	18	19	1.271880
43	26	27	1.215626
43	28	29	1.508242
44	2	3	1.428429
44	4	7	1.333051
44	8	9	1.030049
44	10	11	1.053311
44	12	13	1.209820
44	16	17	1.104027
44	18	19	1.456326
44	26	27	1.334425
44	28	29	1.160679
45	2	3	1.212639
45	4	7	1.004032
45	8	9	1.127527
45	10	11	1.337105
45	12	13	1.306301
45	16	17	1.458623
45	18	19	1.411447
45	20	21	1.293090
45	26	27	1.383421
45	28	29	1.243383
46	2	3	1.471993
46	4	7	1.486720
46	8	9	1.315301
46	10	11	1.084556
46	12	13	1.404906
46	16	17	1.373068
46	18	19	1.191738
46	20	21	1.431145
46	26	27	1.568752
46	28	29	1.269391
47	2	3	1.328705
47	4	7	1.084532
47	8	9	1.452908
47	10	11	1.194335
47	12	13	1.125494
47	16	17	1.412448
47	18	19	1.051794
47	20	21	1.415719
47	26	27	1.055660
47	28	29	1.036776
48	2	3	1.047497
48	4	7	1.339039
48	8	9	1.482366
48	10	11	1.008754
48	12	13	1.397412
48	16	17	1.485374
48	18	19	1.337749
48	20	21	1.331137
48	26	27	0.980383
48	28	29	1.321879
49	2	3	1.040537
49	4	7	1.437658
49	8	9	1.228458
49	10	11	1.345650
49	12	13	1.183059
49	16	17	1.175187
49	18	19	1.224944
49	20	21	1.067997
49	26	27	1.200575
49	28	29	1.262666
50	2	3	1.120246
50	4	7	1.085767
50	8	9	1.359861
50	10	11	1.197813
50	12	13	1.468449
50	16	17	1.290012
50	18	19	0.959860
50	20	21	1.134780
50	26	27	1.300908
50	28	29	1.030871
51	2	3	1.530708
51	4	7	1.159869
51	8	9	1.416144
51	10	11	1.451980
51	12	13	1.252760
51	16	17	1.294287
51	18	19	1.452043
51	20	21	1.283176
51	26	27	1.259962
51	28	29	1.493459
52	2	3	1.439951
52	4	7	1.468818
52	8	9	1.423642
52	10	11	1.312688
52	12	13	1.066012
52	16	17	1.408909
52	18	19	1.385371
52	20	21	1.194611
52	26	27	1.353081
52	28	29	1.256265
53	2	3	1.220746
53	4	7	1.351369
53	8	9	1.300555
53	10	11	1.306630
53	12	13	1.320414
53	16	17	1.479504
53	18	19	0.966756
53	20	21	1.080652
53	26	27	1.447991
53	28	29	1.349505
54	2	3	1.131719
54	4	7	1.327399
54	8	9	1.048374
54	10	11	1.083756
54	12	13	1.365540
54	16	17	1.467551
54	18	19	1.368820
54	20	21	1.359765
54	26	27	1.371493
54	28	29	1.268250
55	2	3	1.313951
55	4	7	1.351460
55	8	9	0.993482
55	10	11	1.362717
55	12	13	1.173485
55	16	17	1.374464
55	18	19	1.409526
55	20	21	1.114248
55	26	27	1.152547
55	28	29	1.180429
56	2	3	1.084444
56	4	7	1.341115
56	8	9	1.312084
56	10	11	1.261630
56	12	13	1.102766
56	16	17	1.352797
56	18	19	1.314370
56	20	21	1.352918
56	26	27	1.042640
56	28	29	1.249649
57	2	3	1.413350
57	4	7	1.044150
57	8	9	1.158559
57	10	11	1.113924
57	12	13	1.231371
57	16	17	1.323916
57	18	19	1.388779
57	20	21	1.475117
57	26	27	1.333326
57	28	29	1.326307
58	2	3	0.966893
58	4	7	1.062192
58	8	9	1.263212
58	10	11	1.480208
58	12	13	1.137700
58	16	17	1.313296
58	18	19	1.207888
58	20	21	1.103375
58	26	27	1.368858
58	28	29	1.483149
59	2	3	1.353722
59	4	7	1.310756
59	8	9	1.359519
59	10	11	1.361889
59	12	13	1.162217
59	16	17	1.432992
59	18	19	1.184006
59	20	21	1.149221
59	26	27	1.434202
59	28	29	1.119243
60	2	3	1.252352
60	4	7	1.247767
60	8	9	1.291099
60	10	11	1.262426
60	12	13	1.095168
60	16	17	1.410456
60	18	19	1.451309
60	20	21	1.225865
60	26	27	1.102523
60	28	29	1.420832
61	2	3	1.429618
61	4	7	1.337228
61	8	9	1.514477
61	10	11	1.473094
61	12	13	1.232933
61	16	17	1.322739
61	18	19	1.456649
61	20	21	1.066252
61	26	27	1.185592
61	28	29	1.358398
62	2	3	1.245643
62	4	7	1.166752
62	8	9	1.378423
62	10	11	1.417240
62	12	13	1.051252
62	16	17	1.282961
62	18	19	1.228571
62	20	21	1.404420
62	26	27	1.041755
62	28	29	1.438557
63	2	3	1.405590
63	4	7	1.372312
63	8	9	1.361874
63	10	11	1.310622
63	12	13	1.187238
63	16	17	1.413477
63	18	19	1.194633
63	26	27	1.453241
63	28	29	1.398962
64	2	3	1.204941
64	4	7	1.521130
64	8	9	1.344247
64	10	11	1.423121
64	12	13	1.426030
64	16	17	1.254579
64	18	19	1.413537
64	20	21	1.202074
64	26	27	1.421366
64	28	29	1.185407
65	2	3	1.457478
65	4	7	1.418237
65	8	9	1.224188
65	10	11	1.345796
65	12	13	1.422364
65	16	17	1.418520
65	18	19	1.112885
65	20	21	1.412099
65	26	27	1.354652
65	28	29	1.280562
66	2	3	1.503466
66	4	7	1.096593
66	8	9	1.479900
66	10	11	1.355323
66	12	13	1.250689
66	16	17	1.447434
66	18	19	1.422474
66	20	21	1.447458
66	26	27	1.511311
66	28	29	1.363890
67	2	3	1.097676
67	4	7	1.256629
67	8	9	1.389776
67	10	11	1.190896
67	12	13	1.363651
67	16	17	1.299927
67	18	19	1.452574
67	20	21	1.388684
67	26	27	1.364507
67	28	29	1.352476
68	2	3	1.420983
68	8	9	1.156507
68	10	11	1.317067
68	12	13	1.268822
68	16	17	1.419920
68	18	19	1.144637
68	20	21	1.463760
68	26	27	1.222443
68	28	29	1.202155
69	2	3	1.281780
69	8	9	1.410051
69	10	11	1.080077
69	12	13	1.332500
69	16	17	1.153672
69	18	19	0.935995
69	20	21	1.150315
69	26	27	1.483658
69	28	29	1.298986
70	2	3	1.224306
70	8	9	1.189079
70	10	11	1.443547
70	12	13	1.413706
70	18	19	1.469571
70	20	21	1.329095
70	26	27	1.381421
70	28	29	1.305615
71	2	3	1.349802
71	8	9	1.098453
71	10	11	1.383133
71	18	19	1.255877
71	20	21	1.301040
71	26	27	1.045195
71	28	29	1.176823
72	2	3	1.488324
72	8	9	1.183948
72	10	11	1.446870
72	18	19	1.267258
72	20	21	1.278427
72	26	27	1.368472
72	28	29	1.278476
73	2	3	1.025635
73	8	9	1.170993
73	10	11	1.128248
73	18	19	1.150098
73	20	21	1.358905
73	26	27	1.207872
73	28	29	1.376281
74	2	3	1.481148
74	8	9	1.363718
74	10	11	1.336131
74	12	13	1.102807
74	18	19	1.490891
74	20	21	1.448090
74	26	27	1.337085
74	28	29	1.217142
75	2	3	1.166729
75	8	9	1.304025
75	10	11	1.269247
75	12	13	1.306833
75	18	19	1.332839
75	20	21	1.478100
75	26	27	0.985393
75	28	29	1.249106
76	2	3	1.419387
76	8	9	1.306828
76	10	11	1.392054
76	12	13	1.456285
76	18	19	1.397006
76	20	21	1.090759
76	26	27	1.254131
76	28	29	1.370457
77	2	3	1.093253
77	8	9	1.373479
77	10	11	1.481958
77	12	13	1.261026
77	18	19	1.338710
77	20	21	1.393114
77	26	27	1.217962
77	28	29	1.148093
78	2	3	1.126082
78	8	9	1.274459
78	10	11	1.391847
78	12	13	1.296008
78	20	21	1.086816
78	26	27	1.344451
78	28	29	1.248601
79	2	3	1.284042
79	8	9	1.454615
79	10	11	1.220305
79	12	13	1.130516
79	16	17	1.396026
79	20	21	1.304560
79	26	27	1.351533
79	28	29	1.155971
80	2	3	1.272854
80	8	9	1.123825
80	10	11	1.280967
80	12	13	1.024706
80	16	17	1.164100
80	20	21	1.218570
80	26	27	1.370474
80	28	29	1.057113
81	2	3	1.433618
81	8	9	1.440117
81	10	11	1.461547
81	12	13	1.315848
81	16	17	1.153680
81	20	21	1.461104
81	26	27	1.498615
81	28	29	1.205696
82	2	3	1.327002
82	8	9	1.392687
82	10	11	1.508266
82	12	13	1.361767
82	16	17	1.377256
82	20	21	1.406467
82	26	27	1.436410
82	28	29	1.030916
83	2	3	1.205257
83	8	9	1.480711
83	10	11	1.159880
83	12	13	1.389059
83	16	17	1.208016
83	20	21	1.221102
83	26	27	1.444926
83	28	29	1.006756
84	2	3	1.199804
84	8	9	1.179061
84	10	11	1.271816
84	12	13	1.197244
84	16	17	1.173856
84	20	21	1.377866
84	26	27	1.309910
84	28	29	1.353470
85	2	3	1.429756
85	8	9	1.221357
85	10	11	1.112595
85	12	13	1.323530
85	16	17	1.247117
85	20	21	1.147635
85	26	27	1.143737
85	28	29	1.399786
86	2	3	1.340854
86	8	9	1.411999
86	10	11	1.471985
86	12	13	0.957027
86	16	17	1.204735
86	20	21	1.570943
86	26	27	1.498073
86	28	29	1.409704
87	2	3	1.141361
87	8	9	1.227735
87	10	11	1.114671
87	12	13	1.324533
87	16	17	1.269699
87	20	21	1.311029
87	26	27	1.467174
87	28	29	1.231666
88	2	3	1.469072
88	8	9	1.225379
88	10	11	1.113887
88	12	13	1.326926
88	16	17	1.461116
88	20	21	1.227354
88	26	27	1.442414
88	28	29	1.140478
89	2	3	1.286758
89	8	9	1.031060
89	10	11	1.152840
89	12	13	1.241712
89	16	17	1.385116
89	20	21	1.269055
89	26	27	1.301084
89	28	29	1.422046
90	2	3	1.165976
90	8	9	1.202415
90	10	11	1.362863
90	12	13	1.161572
90	16	17	1.249561
90	20	21	1.304240
90	26	27	1.097969
90	28	29	1.360368
91	2	3	1.363853
91	8	9	1.227412
91	10	11	1.347114
91	12	13	1.141783
91	16	17	1.320629
91	20	21	1.086293
91	26	27	1.348010
91	28	29	1.074914
92	2	3	1.448700
92	8	9	1.096150
92	10	11	1.184942
92	12	13	1.095847
92	16	17	1.352884
92	20	21	1.256095
92	26	27	1.191418
92	28	29	1.432218
93	2	3	1.291934
93	8	9	1.245260
93	10	11	1.275478
93	12	13	1.256191
93	16	17	1.151226
93	20	21	1.414596
93	26	27	1.314153
93	28	29	1.125782
94	2	3	1.127419
94	8	9	1.408834
94	10	11	1.233881
94	12	13	1.274111
94	16	17	1.332338
94	20	21	1.447299
94	26	27	1.478069
94	28	29	1.046310
95	2	3	1.354096
95	8	9	1.389138
95	10	11	1.228369
95	12	13	1.050115
95	16	17	1.286814
95	20	21	1.426445
95	26	27	1.042022
95	28	29	1.240895
96	2	3	1.248215
96	8	9	1.099431
96	10	11	1.419088
96	12	13	1.402085
96	16	17	1.392848
96	20	21	1.212834
96	26	27	1.337752
96	28	29	1.101966
97	2	3	1.087981
97	8	9	1.475771
97	10	11	1.065491
97	12	13	1.058373
97	16	17	1.121702
97	20	21	1.243906
97	26	27	1.415296
97	28	29	1.308522
98	2	3	1.215059
98	8	9	1.330188
98	10	11	1.439474
98	12	13	1.425853
98	16	17	1.183380
98	20	21	1.329159
98	26	27	1.470435
98	28	29	1.444784
99	2	3	1.257698
99	8	9	1.169840
99	10	11	1.483417
99	12	13	1.082806
99	16	17	1.008941
99	20	21	1.241009
99	26	27	1.366691
99	28	29	1.044462
100	2	3	1.549979
100	8	9	1.406172
100	10	11	1.348542
100	12	13	1.364867
100	16	17	1.185894
100	20	21	1.034538
100	26	27	1.474966
100	28	29	1.196276
101	2	3	1.516582
101	8	9	1.450968
101	10	11	1.135214
101	12	13	1.423381
101	16	17	1.132353
101	20	21	1.361881
101	26	27	1.113530
101	28	29	1.100365
102	2	3	1.450591
102	8	9	1.399229
102	10	11	1.392026
102	12	13	1.268748
102	16	17	1.219303
102	20	21	1.370130
102	26	27	1.438686
102	28	29	1.359903
103	2	3	1.340336
103	8	9	1.486314
103	10	11	1.109535
103	12	13	1.312790
103	16	17	1.100878
103	20	21	1.323588
103	26	27	1.175330
103	28	29	1.091975
104	2	3	1.096577
104	8	9	1.479053
104	10	11	1.258712
104	12	13	1.332560
104	16	17	1.412558
104	26	27	1.392797
104	28	29	1.492255
105	2	3	1.501220
105	8	9	1.410560
105	10	11	1.171619
105	12	13	1.390114
105	16	17	1.039597
105	20	21	1.155989
105	26	27	1.456194
105	28	29	1.191440
106	2	3	1.410848
106	8	9	1.193570
106	10	11	1.476230
106	12	13	1.479310
106	16	17	1.264421
106	20	21	1.156123
106	26	27	1.512753
106	28	29	1.457755
107	2	3	1.405404
107	8	9	1.275094
107	10	11	1.400959
107	12	13	1.495171
107	16	17	1.317694
107	20	21	1.302714
107	26	27	1.275310
107	28	29	1.387660
108	2	3	1.222872
108	8	9	1.431451
108	10	11	1.096146
108	12	13	1.157277
108	16	17	1.301645
108	20	21	1.367574
108	26	27	1.452756
108	28	29	1.249752
109	2	3	1.382144
109	8	9	1.038462
109	10	11	1.090762
109	12	13	1.161077
109	16	17	1.343201
109	20	21	1.139735
109	26	27	1.079615
109	28	29	1.106266
110	2	3	1.245987
110	8	9	1.063917
110	10	11	1.273664
110	12	13	1.109741
110	16	17	1.144018
110	20	21	1.438294
110	26	27	1.465618
110	28	29	1.413509
111	2	3	1.084159
111	8	9	1.112708
111	10	11	1.256035
111	12	13	1.313088
111	16	17	1.335714
111	20	21	1.549537
111	26	27	1.012522
111	28	29	1.088899
112	2	3	1.239767
112	8	9	1.403263
112	10	11	1.462567
112	12	13	1.208896
112	16	17	1.334034
112	20	21	1.219493
112	26	27	1.122080
112	28	29	1.405006
113	2	3	1.054478
113	8	9	1.167035
113	10	11	1.408249
113	12	13	1.376936
113	16	17	1.418526
113	20	21	1.379025
113	26	27	1.369598
113	28	29	1.323089
114	2	3	1.140009
114	8	9	1.045688
114	10	11	1.238430
114	12	13	1.469872
114	16	17	1.222364
114	20	21	1.189471
114	26	27	1.487518
114	28	29	1.302888
115	2	3	1.243429
115	8	9	1.260397
115	10	11	0.979336
115	12	13	1.448931
115	16	17	1.376499
115	20	21	1.512550
115	26	27	1.284455
115	28	29	1.291883
116	2	3	1.118601
116	8	9	1.353928
116	10	11	1.168191
116	12	13	1.263060
116	16	17	1.486755
116	20	21	1.129952
116	26	27	1.414799
116	28	29	1.346969
117	2	3	1.496972
117	8	9	1.183186
117	10	11	1.178144
117	12	13	1.171111
117	16	17	1.297924
117	20	21	1.111116
117	26	27	1.290944
117	28	29	1.423344
118	2	3	1.041261
118	8	9	1.137207
118	10	11	1.320316
118	12	13	1.442367
118	16	17	1.335436
118	20	21	1.267334
118	26	27	1.366124
118	28	29	1.227029
119	2	3	1.453418
119	8	9	1.392880
119	10	11	1.455662
119	12	13	1.475411
119	16	17	1.116672
119	20	21	1.090113
119	26	27	1.478183
119	28	29	1.249542
120	0	23	1.137416
120	2	3	1.382778
120	8	9	1.321802
120	10	11	1.368282
120	12	13	1.349310
120	16	17	1.139031
120	20	21	1.443269
120	26	27	1.367130
120	28	29	1.400981
121	0	23	1.465599
121	2	3	1.120327
121	8	9	1.413873
121	10	11	1.163164
121	12	13	1.198979
121	16	17	1.093958
121	20	21	0.991245
121	26	27	1.459615
121	28	29	1.432725
122	0	23	1.359776
122	2	3	1.277360
122	8	9	1.173672
122	10	11	1.313369
122	12	13	1.195465
122	16	17	1.398486
122	20	21	1.364768
122	26	27	1.279126
122	28	29	1.085477
123	0	23	0.997964
123	2	3	1.261830
123	8	9	1.330722
123	10	11	1.057214
123	12	13	1.317551
123	16	17	1.186992
123	20	21	1.099266
123	26	27	1.309767
123	28	29	1.337034
124	0	23	1.439722
124	2	3	1.208729
124	8	9	1.130106
124	10	11	1.007080
124	12	13	1.368143
124	16	17	1.191392
124	20	21	1.317737
124	26	27	1.464605
124	28	29	1.334832
125	0	23	1.185058
125	2	3	1.214779
125	8	9	1.372723
125	10	11	1.361252
125	12	13	1.493245
125	16	17	1.456169
125	20	21	1.178297
125	26	27	1.520225
125	28	29	1.324689
126	0	23	1.190716
126	2	3	1.058113
126	8	9	1.318235
126	10	11	0.991828
126	12	13	1.415908
126	16	17	1.323894
126	20	21	1.423951
126	26	27	1.237051
126	28	29	1.451804
127	0	23	1.293512
127	2	3	1.065877
127	8	9	1.069343
127	10	11	1.061911
127	12	13	1.382050
127	16	17	1.393244
127	18	19	1.361673
127	20	21	1.519201
127	26	27	1.493107
127	28	29	1.148756
128	0	23	1.087401
128	2	3	1.213648
128	8	9	1.370623
128	10	11	1.398329
128	12	13	1.446676
128	16	17	1.189002
128	18	19	1.424948
128	20	21	1.378510
128	26	27	1.176071
128	28	29	1.430434
129	0	23	1.372340
129	2	3	1.369644
129	8	9	1.377013
129	10	11	1.280009
129	12	13	1.474457
129	16	17	1.239573
129	18	19	1.404083
129	20	21	1.327664
129	26	27	1.363231
129	28	29	1.399122
130	0	23	1.317289
130	2	3	1.454650
130	8	9	1.440661
130	10	11	1.301731
130	12	13	1.380675
130	16	17	1.174700
130	18	19	1.228709
130	20	21	1.471265
130	26	27	1.643229
130	28	29	1.159862
131	0	23	1.097508
131	2	3	0.981580
131	8	9	1.184262
131	10	11	1.059505
131	12	13	1.348050
131	16	17	1.057592
131	18	19	1.226842
131	20	21	1.379475
131	26	27	1.469082
131	28	29	1.293453
132	0	23	1.453829
132	2	3	1.501583
132	8	9	1.087570
132	10	11	1.363478
132	12	13	1.168586
132	16	17	1.473434
132	18	19	1.293660
132	20	21	1.049850
132	26	27	1.214249
132	28	29	1.148575
133	0	23	1.487893
133	2	3	1.327194
133	8	9	1.436813
133	10	11	1.419552
133	12	13	1.267034
133	16	17	1.441537
133	18	19	1.268028
133	20	21	1.435799
133	26	27	1.190336
133	28	29	1.177798
134	0	23	1.136071
134	2	3	1.329158
134	8	9	1.096891
134	10	11	0.980443
134	12	13	1.088623
134	16	17	1.350150
134	20	21	1.419375
134	26	27	1.500667
134	28	29	1.265931
135	0	23	1.350034
135	2	3	1.361213
135	8	9	1.403389
135	10	11	1.436052
135	12	13	1.457545
135	16	17	1.392542
135	20	21	1.153032
135	26	27	1.315911
135	28	29	1.152243
136	0	23	1.085385
136	2	3	1.256237
136	8	9	1.411820
136	10	11	1.373964
136	12	13	1.328339
136	16	17	1.235630
136	18	19	1.372790
136	20	21	1.097499
136	26	27	1.290846
136	28	29	1.153924
137	0	23	1.407951
137	2	3	1.415086
137	8	9	1.228740
137	10	11	1.209093
137	12	13	1.433914
137	16	17	1.498355
137	18	19	1.435971
137	20	21	1.311032
137	26	27	1.082758
137	28	29	1.126998
138	0	23	1.168218
138	2	3	1.300780
138	8	9	1.291702
138	10	11	1.341779
138	12	13	1.188667
138	16	17	1.237675
138	18	19	1.300892
138	20	21	1.468883
138	26	27	1.470680
138	28	29	1.360272
139	0	23	1.248518
139	2	3	1.031215
139	8	9	1.357586
139	10	11	1.394418
139	12	13	1.078680
139	16	17	1.039258
139	18	19	1.452750
139	20	21	1.204289
139	26	27	1.465650
139	28	29	1.462370
140	0	23	1.137844
140	2	3	1.146036
140	8	9	1.249885
140	10	11	1.246139
140	12	13	1.276143
140	16	17	1.436804
140	18	19	1.094756
140	20	21	1.316978
140	26	27	1.019319
140	28	29	1.384272
141	0	23	1.331092
141	2	3	1.386759
141	8	9	1.061960
141	10	11	1.246941
141	12	13	1.206922
141	16	17	1.176339
141	18	19	1.157593
141	20	21	1.224832
141	26	27	1.080128
141	28	29	1.261283
142	0	23	1.245063
142	2	3	1.039798
142	8	9	1.004876
142	10	11	1.150323
142	12	13	1.418106
142	16	17	1.057244
142	18	19	1.348821
142	20	21	1.419447
142	26	27	1.150818
142	28	29	1.095947
143	0	23	1.208507
143	2	3	1.266698
143	8	9	1.322577
143	10	11	1.118994
143	12	13	1.083622
143	16	17	1.326019
143	18	19	1.140896
143	20	21	1.435198
143	26	27	1.241040
143	28	29	1.496069
144	0	23	1.081064
144	2	3	1.014958
144	8	9	1.224396
144	10	11	1.337045
144	12	13	0.990157
144	16	17	1.403979
144	18	19	1.159496
144	20	21	1.099205
144	26	27	1.486481
144	28	29	1.231771
145	0	23	1.332628
145	2	3	1.325528
145	8	9	1.229948
145	10	11	1.225528
145	12	13	1.423786
145	16	17	1.436827
145	18	19	1.337052
145	20	21	1.289434
145	26	27	1.181937
145	28	29	1.457743
146	0	23	1.264874
146	2	3	1.210011
146	8	9	1.040107
146	10	11	1.336978
146	12	13	1.333138
146	16	17	1.016085
146	18	19	0.993994
146	20	21	1.228020
146	26	27	0.954469
146	28	29	1.350528
147	0	23	1.263207
147	2	3	1.264479
147	8	9	1.319923
147	10	11	1.397824
147	12	13	1.048912
147	16	17	1.104332
147	18	19	1.328236
147	20	21	1.336635
147	26	27	1.309215
147	28	29	1.423518
148	0	23	1.326706
148	2	3	1.062968
148	8	9	1.400347
148	10	11	1.100324
148	12	13	1.421733
148	16	17	1.058726
148	18	19	1.388320
148	20	21	1.530005
148	26	27	1.293878
148	28	29	1.261547
149	0	23	1.322647
149	2	3	1.351185
149	8	9	1.306775
149	10	11	1.437403
149	12	13	1.399382
149	16	17	1.130724
149	18	19	1.399795
149	20	21	1.364404
149	26	27	1.274378
149	28	29	1.491870
150	0	23	1.104835
150	2	3	1.407334
150	8	9	1.488716
150	10	11	1.325262
150	12	13	1.361369
150	18	19	1.309643
150	20	21	1.417649
150	26	27	1.341237
150	28	29	1.159326
151	0	23	1.218658
151	2	3	1.114294
151	8	9	1.056293
151	10	11	1.160803
151	12	13	1.304584
151	18	19	1.463880
151	20	21	1.321585
151	26	27	1.288143
151	28	29	1.421495
152	0	23	1.356401
152	2	3	1.360512
152	8	9	1.057847
152	12	13	1.419303
152	18	19	1.078628
152	20	21	1.335856
152	26	27	1.385047
152	28	29	1.003356
153	0	23	1.381639
153	2	3	1.288569
153	8	9	1.212751
153	12	13	1.398157
153	18	19	1.423944
153	20	21	1.364308
153	26	27	1.025302
153	28	29	1.208593
154	2	3	1.266756
154	8	9	1.367432
154	12	13	1.456635
154	18	19	1.397219
154	20	21	1.413806
154	26	27	1.140667
154	28	29	1.327377
155	2	3	1.440345
155	8	9	1.467183
155	12	13	1.522010
155	16	17	1.059469
155	18	19	1.351749
155	20	21	1.329819
155	26	27	1.468902
155	28	29	1.372343
156	2	3	1.206507
156	8	9	1.546844
156	12	13	1.381586
156	16	17	1.388330
156	18	19	1.363528
156	20	21	1.263643
156	26	27	1.190269
156	28	29	1.175202
157	2	3	1.223580
157	8	9	1.228739
157	12	13	1.156135
157	16	17	1.020960
157	18	19	1.519729
157	20	21	1.084584
157	26	27	1.276709
157	28	29	1.358208
158	2	3	0.963745
158	8	9	1.072569
158	12	13	1.137279
158	16	17	1.157015
158	18	19	1.317843
158	20	21	1.246109
158	26	27	1.274868
158	28	29	1.404767
159	2	3	1.002967
159	8	9	1.506196
159	12	13	1.302522
159	16	17	1.074632
159	18	19	1.227302
159	20	21	1.226238
159	26	27	1.392345
159	28	29	1.363004
160	8	9	1.238569
160	12	13	1.216568
160	16	17	1.256296
160	18	19	1.464336
160	20	21	1.497454
160	26	27	0.999088
160	28	29	1.023035
161	2	3	1.278408
161	8	9	1.481080
161	12	13	1.305323
161	16	17	1.304277
161	18	19	1.331617
161	20	21	1.458351
161	26	27	1.182820
161	28	29	1.401535
162	2	3	1.184802
162	8	9	1.275635
162	16	17	1.133995
162	18	19	1.029204
162	20	21	1.362376
162	26	27	1.308944
162	28	29	1.130285
163	2	3	1.469783
163	8	9	1.309504
163	16	17	1.185035
163	18	19	1.097272
163	20	21	1.415916
163	26	27	1.094329
163	28	29	1.064155
164	2	3	1.049864
164	8	9	1.397229
164	16	17	1.171311
164	18	19	1.350531
164	20	21	1.263069
164	26	27	1.039730
164	28	29	1.531131
165	0	1	1.351429
165	2	3	1.166220
165	8	9	1.167792
165	16	17	1.462587
165	18	19	1.305277
165	20	21	1.344630
165	26	27	0.919774
165	28	29	1.476885
166	0	1	1.134141
166	2	3	1.442971
166	8	9	1.238640
166	16	17	1.376115
166	18	19	1.410585
166	20	21	1.039777
166	26	27	1.268592
166	28	29	1.393517
167	0	1	1.397049
167	2	3	1.257011
167	8	9	1.079116
167	16	17	1.374107
167	18	19	1.319400
167	20	21	1.167837
167	26	27	1.155179
167	28	29	1.172800
168	0	1	1.399768
168	2	3	1.072430
168	7	14	1.278723
168	8	9	1.459853
168	10	23	1.272496
168	16	17	0.983561
168	18	19	1.331714
168	20	21	1.436095
168	26	27	1.244229
168	28	29	1.181235
169	0	1	1.161918
169	2	3	1.363989
169	7	14	1.475234
169	8	9	1.440190
169	10	23	1.457927
169	16	17	1.127600
169	18	19	1.164002
169	20	21	1.098068
169	26	27	1.049537
169	28	29	1.391796
170	0	1	1.447876
170	2	3	1.193883
170	7	14	1.360129
170	8	9	1.211766
170	10	23	1.114733
170	16	17	1.334133
170	18	19	1.150989
170	20	21	1.183446
170	26	27	1.046400
170	28	29	1.267213
171	0	1	1.133066
171	2	3	1.080798
171	7	14	1.376292
171	8	9	1.085403
171	10	23	1.293129
171	16	17	1.303329
171	18	19	1.455240
171	20	21	1.293371
171	26	27	1.244650
171	28	29	1.203180
172	0	1	1.283835
172	2	3	1.287374
172	7	14	1.388035
172	8	9	1.191007
172	10	23	1.281361
172	16	17	1.162260
172	18	19	1.371855
172	20	21	1.443066
172	26	27	1.091377
172	28	29	1.184493
173	0	1	1.344062
173	2	3	1.083472
173	7	14	1.031213
173	8	9	1.410895
173	10	23	1.396756
173	16	17	1.325462
173	18	19	1.357078
173	20	21	1.345917
173	26	27	1.470851
173	28	29	1.160495
174	0	1	1.077421
174	2	3	1.149910
174	7	14	1.337989
174	8	9	1.178724
174	10	23	1.221232
174	16	17	1.120491
174	18	19	1.292387
174	20	21	1.481630
174	26	27	1.323570
174	28	29	1.125334
175	0	1	1.437574
175	2	3	1.030765
175	7	14	1.348609
175	8	9	1.243893
175	10	23	1.485247
175	12	13	1.370586
175	16	17	1.533191
175	18	19	1.315916
175	20	21	1.353281
175	26	27	1.374821
175	28	29	1.245109
176	0	1	1.242860
176	2	3	1.109976
176	7	14	1.382323
176	8	9	1.250720
176	10	23	1.058953
176	12	13	1.404144
176	16	17	1.338767
176	18	19	1.185947
176	20	21	1.108748
176	26	27	1.549754
176	28	29	1.194799
177	0	1	1.379711
177	2	3	1.616440
177	7	14	1.463762
177	8	9	1.486003
177	10	23	1.447288
177	12	13	1.333904
177	16	17	1.233448
177	18	19	1.114244
177	20	21	1.296598
177	26	27	1.307821
177	28	29	1.434755
178	0	1	1.146351
178	2	3	1.360343
178	7	14	1.098649
178	8	9	1.119004
178	10	23	1.251598
178	12	13	1.226041
178	16	17	1.324055
178	18	19	1.267874
178	20	21	1.459600
178	26	27	1.464977
178	28	29	1.367949
179	0	1	1.251601
179	2	3	1.188400
179	7	14	1.036762
179	8	9	1.252855
179	10	23	1.127876
179	12	13	1.400778
179	16	17	1.304113
179	18	19	1.455388
179	20	21	1.084189
179	26	27	1.184155
179	28	29	1.384741
180	0	1	1.452469
180	2	3	1.459144
180	7	14	1.212672
180	8	9	1.387204
180	10	23	1.264056
180	12	13	1.224297
180	16	17	1.383456
180	18	19	1.293880
180	20	21	1.344446
180	26	27	1.299875
180	28	29	1.344729
181	0	1	1.354116
181	2	3	1.102034
181	7	14	1.670893
181	8	9	1.428650
181	10	23	1.078900
181	12	13	1.474816
181	16	17	1.208372
181	18	19	1.457828
181	20	21	1.232484
181	26	27	1.305652
181	28	29	1.119386
182	0	1	1.456812
182	2	3	1.248667
182	4	15	1.357947
182	7	14	1.152620
182	8	9	1.321740
182	10	23	1.449323
182	12	13	1.363855
182	16	17	1.178781
182	18	19	1.127335
182	20	21	1.419936
182	26	27	1.134349
182	28	29	1.184619
183	0	1	1.269830
183	2	3	1.407640
183	4	15	1.191500
183	7	14	1.340643
183	8	9	1.480224
183	10	23	1.347816
183	12	13	1.377704
183	16	17	1.276338
183	18	19	1.418399
183	20	21	1.240398
183	26	27	1.395795
183	28	29	1.377508
184	0	1	1.227244
184	2	3	1.306385
184	4	15	1.336546
184	7	14	1.388304
184	8	9	1.224885
184	10	23	1.505192
184	12	13	1.071228
184	16	17	1.483354
184	18	19	1.306179
184	20	21	1.137742
184	26	27	1.435634
184	28	29	1.023645
185	0	1	1.286681
185	2	3	1.163459
185	4	15	1.219181
185	7	14	1.232194
185	8	9	1.384719
185	10	23	1.333749
185	12	13	1.223954
185	16	17	1.191341
185	18	19	1.214837
185	20	21	1.215109
185	26	27	1.407427
185	28	29	1.061859
186	2	3	1.342323
186	4	15	1.194944
186	7	14	1.135396
186	8	9	1.343968
186	10	23	1.303197
186	12	13	1.376528
186	16	17	1.227041
186	18	19	1.129522
186	20	21	1.400198
186	26	27	1.368547
186	28	29	1.232172
187	0	1	1.412218
187	2	3	1.091051
187	4	15	1.440698
187	7	14	1.265428
187	8	9	1.387927
187	10	23	1.226532
187	12	13	1.337643
187	16	17	1.309509
187	18	19	1.454183
187	20	21	1.320367
187	26	27	1.446001
187	28	29	1.259533
188	0	1	1.244728
188	2	3	1.058886
188	4	15	1.399379
188	7	14	1.131826
188	8	9	1.352954
188	10	23	1.420463
188	12	13	1.499399
188	16	17	1.476947
188	18	19	1.215766
188	20	21	1.512516
188	26	27	1.311051
188	28	29	1.344813
189	0	1	1.216688
189	2	3	1.279352
189	4	15	1.372903
189	7	14	1.449705
189	8	9	1.431627
189	10	23	1.368769
189	12	13	1.151141
189	16	17	1.358581
189	18	19	1.263294
189	20	21	1.182172
189	26	27	1.176874
189	28	29	1.367346
190	0	1	1.163804
190	2	3	1.169440
190	4	15	1.207359
190	7	14	1.394054
190	8	9	1.345517
190	10	23	1.041687
190	12	13	1.389028
190	16	17	1.321416
190	18	19	1.031712
190	20	21	1.256002
190	26	27	1.024692
190	28	29	1.416227
191	0	1	1.288343
191	2	3	1.274823
191	4	15	1.026812
191	7	14	1.119772
191	8	9	1.050559
191	10	23	1.313568
191	12	13	1.238354
191	16	17	1.021803
191	18	19	1.485317
191	20	21	1.190172
191	26	27	1.216340
191	28	29	1.453349
192	0	1	1.239974
192	2	3	1.042236
192	4	15	1.334204
192	7	14	1.088301
192	8	9	1.307199
192	10	23	1.494162
192	12	13	1.342663
192	16	17	1.398860
192	18	19	1.444742
192	20	21	1.107955
192	26	27	1.463094
192	28	29	1.092619
193	0	1	1.230025
193	2	3	1.387401
193	7	14	1.258738
193	8	9	1.175895
193	10	23	1.101230
193	12	13	1.304248
193	16	17	1.089708
193	18	19	1.411625
193	20	21	1.053552
193	26	27	0.992720
193	28	29	1.412588
194	0	1	1.343441
194	2	3	1.140518
194	7	14	1.003554
194	8	9	1.228303
194	10	23	1.600333
194	12	13	1.163728
194	16	17	1.438773
194	18	19	1.443251
194	20	21	0.968595
194	26	27	1.486468
194	28	29	1.242440
195	0	1	1.433436
195	2	3	1.308397
195	4	15	1.156038
195	7	14	1.349226
195	8	9	1.384510
195	10	23	1.350475
195	12	13	1.349372
195	16	17	1.000018
195	18	19	1.392119
195	20	21	1.087371
195	26	27	1.426420
195	28	29	1.452372
196	0	1	1.207935
196	2	3	1.252549
196	4	15	1.252101
196	7	14	1.414719
196	8	9	1.361062
196	10	23	1.387074
196	12	13	1.038564
196	16	17	1.225804
196	18	19	0.986938
196	20	21	1.530950
196	26	27	1.322188
196	28	29	1.393254
197	0	1	1.042422
197	2	3	1.298155
197	4	15	1.453541
197	7	14	1.143569
197	8	9	1.118617
197	10	23	1.327878
197	12	13	1.237356
197	16	17	1.447556
197	18	19	1.301907
197	20	21	1.409432
197	26	27	1.296435
197	28	29	1.272668
198	0	1	1.288773
198	2	3	1.184306
198	4	15	1.272796
198	7	14	1.235916
198	8	9	1.002816
198	10	23	1.348390
198	12	13	0.992839
198	16	17	1.190706
198	18	19	1.110596
198	20	21	1.310502
198	26	27	1.211876
198	28	29	1.250502
199	0	1	1.348779
199	2	3	1.273285
199	4	15	1.457889
199	7	14	1.090383
199	8	9	1.384047
199	10	23	1.128548
199	12	13	1.329859
199	16	17	1.421276
199	18	19	1.235542
199	20	21	1.137811
199	26	27	1.443764
199	28	29	1.241911
200	0	1	1.091947
200	2	3	0.989993
200	4	15	1.228715
200	7	14	1.159311
200	8	9	1.372461
200	10	23	0.987388
200	12	13	1.028524
200	16	17	1.429557
200	18	19	1.409666
200	20	21	1.449933
200	26	27	1.484630
200	28	29	1.477782
201	0	1	1.384948
201	2	3	1.409095
201	4	15	1.130973
201	5	24	1.159826
201	7	14	1.396128
201	8	9	1.378849
201	10	23	1.370010
201	12	13	1.101136
201	16	17	1.229040
201	18	19	1.511021
201	20	21	1.460142
201	26	27	1.125197
201	28	29	1.436139
202	0	1	1.460830
202	2	3	1.323926
202	4	15	1.413743
202	5	24	1.389258
202	7	14	1.078553
202	8	9	1.191885
202	10	23	1.315813
202	12	13	1.300702
202	16	17	1.346774
202	18	19	1.077668
202	20	21	1.366166
202	26	27	1.115207
202	28	29	1.275273
203	0	1	1.421598
203	2	3	1.142060
203	4	15	1.405076
203	5	24	1.147423
203	7	14	0.962432
203	8	9	1.299124
203	10	23	1.424434
203	12	13	1.354963
203	16	17	1.378399
203	18	19	1.162399
203	20	21	1.401397
203	26	27	1.404389
203	28	29	1.266057
204	0	1	1.166393
204	2	3	1.247238
204	4	15	1.189446
204	5	24	1.050626
204	7	14	1.488527
204	8	9	1.437332
204	10	23	1.389638
204	12	13	1.096444
204	16	17	1.376133
204	18	19	1.172920
204	20	21	1.010971
204	26	27	1.070859
204	28	29	1.351629
205	0	1	1.246469
205	2	3	1.124452
205	4	15	1.395431
205	5	24	1.113909
205	7	14	1.028025
205	8	9	1.499496
205	10	23	1.035045
205	12	13	1.099000
205	16	17	1.456647
205	18	19	1.441364
205	20	21	1.455747
205	26	27	1.415570
205	28	29	1.462609
206	0	1	1.210339
206	2	3	1.139480
206	4	15	1.061610
206	5	24	1.307274
206	7	14	1.416468
206	8	9	1.271504
206	10	23	1.425550
206	12	13	1.372174
206	16	17	1.465187
206	18	19	1.372998
206	20	21	1.380694
206	26	27	1.183355
206	28	29	1.046656
207	0	1	1.475518
207	2	3	1.463493
207	4	15	1.502040
207	5	24	1.345282
207	7	14	1.292771
207	8	9	1.005139
207	10	23	1.262804
207	12	13	1.156282
207	16	17	1.006088
207	18	19	1.392007
207	20	21	1.482199
207	26	27	1.353932
207	28	29	1.069311
208	0	1	1.209132
208	2	3	1.436025
208	4	15	1.226798
208	5	24	1.493518
208	7	14	1.232858
208	8	9	1.225504
208	10	23	1.388233
208	12	13	1.168826
208	16	17	1.222504
208	18	19	1.357154
208	20	21	1.209544
208	26	27	1.374199
208	28	29	1.296866
209	0	1	1.108472
209	2	3	1.497506
209	4	15	1.110035
209	5	24	1.190391
209	7	14	1.451819
209	8	9	1.483803
209	10	23	1.449277
209	12	13	1.453764
209	16	17	1.217071
209	18	19	1.440913
209	20	21	1.369505
209	26	27	1.086974
209	28	29	1.491830
210	0	1	1.024665
210	2	3	1.010423
210	4	15	1.481927
210	5	24	1.244191
210	7	14	1.027125
210	8	9	1.125682
210	10	23	1.120837
210	12	13	0.988828
210	16	17	1.180472
210	18	19	1.116752
210	20	21	1.455095
210	26	27	1.317353
210	28	29	1.365565
211	0	1	1.176853
211	2	3	1.267986
211	4	15	1.324154
211	5	24	1.464373
211	7	14	1.182029
211	8	9	1.174225
211	10	23	1.374037
211	12	13	1.303887
211	16	17	0.932098
211	18	19	1.321711
211	20	21	1.112067
211	26	27	1.193482
211	28	29	1.106087
212	0	1	1.266747
212	2	3	1.379404
212	4	15	1.206546
212	5	24	1.283179
212	7	14	1.207123
212	8	9	1.091459
212	10	23	1.181704
212	12	13	1.457956
212	16	17	0.965660
212	18	19	1.338561
212	20	21	1.340979
212	26	27	1.296302
212	28	29	1.452734
213	0	1	1.334594
213	2	3	1.291164
213	4	15	1.181420
213	5	24	1.131502
213	7	14	1.065730
213	8	9	1.291252
213	10	23	1.362091
213	12	13	1.270418
213	16	17	1.476678
213	18	19	1.408431
213	20	21	1.249101
213	26	27	1.180338
213	28	29	1.372971
214	0	1	1.062789
214	2	3	1.339001
214	4	15	1.283054
214	5	24	1.277275
214	7	14	1.254322
214	8	9	1.472773
214	10	23	1.417217
214	12	13	1.245351
214	16	17	1.084111
214	18	19	1.246497
214	20	21	1.253277
214	26	27	1.428231
214	28	29	1.378662
215	0	1	1.336378
215	2	3	1.081005
215	4	15	1.037797
215	5	24	1.138016
215	7	14	1.433583
215	8	9	1.262999
215	10	23	1.502376
215	12	13	1.244735
215	16	17	1.448039
215	18	19	1.398748
215	20	21	1.293810
215	26	27	1.429830
215	28	29	1.115552
216	0	1	1.457314
216	2	3	1.140818
216	4	15	1.186733
216	5	24	1.335921
216	7	14	1.376299
216	8	9	1.356901
216	10	23	1.067837
216	12	13	1.279250
216	16	17	1.148699
216	18	19	1.480878
216	26	27	1.039722
216	28	29	1.220207
217	0	1	1.272314
217	2	3	1.404068
217	4	15	1.212370
217	5	24	1.177574
217	7	14	1.353022
217	8	9	1.208233
217	10	23	1.146224
217	12	13	1.484310
217	16	17	1.458427
217	18	19	1.063986
217	26	27	1.420099
217	28	29	1.072189
218	0	1	1.408741
218	2	3	1.314310
218	4	15	1.190356
218	5	24	1.393443
218	7	14	1.365902
218	8	9	1.204712
218	10	23	1.419694
218	12	13	1.280244
218	16	17	1.232251
218	18	19	1.322865
218	26	27	1.096501
218	28	29	1.011593
219	0	1	1.348132
219	2	3	1.463129
219	4	15	1.047669
219	5	24	1.014271
219	7	14	1.371785
219	8	9	1.158872
219	10	23	1.330852
219	12	13	1.215289
219	16	17	1.175746
219	18	19	1.229429
219	20	21	1.347189
219	26	27	1.345444
219	28	29	1.230249
220	0	1	1.353673
220	2	3	1.362392
220	4	15	1.472462
220	5	24	1.067832
220	7	14	1.455237
220	8	9	1.304231
220	10	23	1.321295
220	12	13	1.398039
220	16	17	1.069447
220	18	19	1.111860
220	20	21	1.344752
220	26	27	1.365983
220	28	29	1.295457
221	0	1	1.375713
221	2	3	1.429329
221	4	15	1.451281
221	5	24	1.269948
221	7	14	1.378374
221	8	9	0.995146
221	10	23	0.991480
221	12	13	1.196573
221	16	17	1.138076
221	18	19	1.095815
221	20	21	1.486293
221	26	27	1.070432
221	28	29	1.128007
222	0	1	1.226600
222	2	3	1.143308
222	4	15	1.050254
222	5	24	1.391542
222	7	14	1.292933
222	8	9	1.419015
222	10	23	1.407161
222	12	13	1.063383
222	16	17	1.347734
222	18	19	1.267996
222	20	21	1.169881
222	26	27	1.399615
222	28	29	1.255427
223	0	1	1.160571
223	2	3	1.029195
223	4	15	1.377241
223	5	24	1.382042
223	7	14	1.243380
223	8	9	1.089528
223	10	23	1.156323
223	12	13	1.433248
223	16	17	1.437801
223	18	19	1.416284
223	20	21	1.013215
223	26	27	1.306927
223	28	29	1.227924
224	0	1	1.469555
224	2	3	1.420455
224	4	15	1.078707
224	5	24	1.050901
224	7	14	1.125661
224	8	9	1.110306
224	10	23	1.352998
224	12	13	1.211460
224	16	17	1.359850
224	18	19	1.073303
224	20	21	1.351826
224	26	27	1.442984
224	28	29	1.423367
225	0	1	1.434975
225	2	3	1.285606
225	4	15	1.322796
225	5	24	1.253553
225	7	14	1.348838
225	8	9	1.012939
225	10	23	1.168629
225	12	13	1.130523
225	16	17	1.352975
225	18	19	1.165746
225	20	21	1.375100
225	26	27	1.116271
225	28	29	1.043994
226	0	1	1.145777
226	2	3	1.231744
226	4	15	0.973916
226	5	24	1.123695
226	7	14	1.108681
226	8	9	1.329197
226	10	23	1.538453
226	12	13	1.256058
226	16	17	1.179557
226	18	19	1.210820
226	20	21	1.412363
226	26	27	1.246264
226	28	29	1.285529
227	0	1	0.979860
227	2	3	1.474833
227	4	15	1.202500
227	5	24	1.361422
227	7	14	1.204410
227	8	9	1.131800
227	10	23	1.431695
227	12	13	1.507764
227	16	17	1.281260
227	18	19	1.321260
227	20	21	1.390609
227	26	27	1.364150
227	28	29	1.150140
228	0	1	1.395046
228	2	3	1.063672
228	4	15	1.023627
228	5	24	1.342405
228	7	14	1.434983
228	8	9	1.415207
228	10	23	1.439719
228	12	13	1.480024
228	16	17	1.350229
228	18	19	1.393350
228	20	21	1.485867
228	26	27	1.331910
228	28	29	1.188513
229	0	1	1.110777
229	2	3	1.428959
229	4	15	1.171965
229	5	24	1.223019
229	7	14	1.156298
229	8	9	1.070888
229	10	23	1.002834
229	12	13	1.470808
229	16	17	1.448187
229	18	19	1.258179
229	20	21	1.471697
229	26	27	1.167821
229	28	29	1.217902
230	0	1	1.321639
230	2	3	1.149758
230	4	15	1.482132
230	5	24	1.443077
230	7	14	1.078126
230	8	9	1.096004
230	10	23	1.052554
230	12	13	1.266598
230	16	17	1.247336
230	18	19	1.203955
230	20	21	1.186589
230	26	27	1.139831
230	28	29	1.144994
231	0	1	1.312955
231	2	3	1.413349
231	4	15	1.402566
231	5	24	1.327582
231	7	14	1.228330
231	8	9	1.211647
231	10	23	1.062785
231	12	13	1.426699
231	16	17	1.237777
231	18	19	1.384468
231	20	21	1.307696
231	26	27	1.009189
231	28	29	1.368556
232	0	1	1.421218
232	4	15	1.389027
232	5	24	0.968899
232	7	14	1.286819
232	8	9	1.424426
232	10	23	1.241062
232	12	13	1.304836
232	16	17	1.385205
232	18	19	1.222003
232	20	21	1.394833
232	26	27	1.275857
232	28	29	1.323785
233	0	1	1.243868
233	4	15	1.387135
233	5	24	1.340204
233	7	14	1.457197
233	8	9	1.388239
233	10	23	1.038869
233	12	13	1.412561
233	16	17	1.445310
233	18	19	1.293467
233	20	21	1.302566
233	26	27	1.253895
233	28	29	1.480208
234	0	1	1.269865
234	4	15	1.425860
234	5	24	1.007816
234	7	14	1.146935
234	8	9	1.217805
234	10	23	1.121154
234	12	13	1.259818
234	16	17	1.173470
234	18	19	1.019180
234	20	21	1.233818
234	26	27	1.455543
234	28	29	1.424372
235	0	1	1.421670
235	4	15	1.285314
235	5	24	1.499571
235	7	14	1.161039
235	8	9	1.413255
235	10	23	1.094773
235	12	13	1.067240
235	16	17	1.431133
235	18	19	0.986858
235	20	21	1.321418
235	26	27	1.340064
235	28	29	1.225524
236	0	1	1.212123
236	4	15	1.444242
236	5	24	1.300794
236	7	14	1.133848
236	8	9	1.110341
236	10	23	1.086912
236	12	13	1.154653
236	16	17	1.303888
236	18	19	0.970456
236	20	21	0.977743
236	26	27	1.378356
236	28	29	1.348908
237	0	1	1.170315
237	4	15	1.366608
237	5	24	1.397365
237	7	14	1.291574
237	8	9	1.298470
237	10	23	0.985480
237	12	13	1.199519
237	16	17	1.117570
237	18	19	1.091115
237	20	21	1.444896
237	26	27	1.188693
237	28	29	1.282310
238	0	1	1.458752
238	4	15	1.267671
238	5	24	1.255599
238	7	14	1.393060
238	8	9	1.386341
238	10	23	1.452321
238	12	13	1.209795
238	16	17	1.353526
238	18	19	1.106880
238	20	21	1.192804
238	26	27	1.537339
238	28	29	1.218616
239	0	1	1.221049
239	4	15	1.176867
239	5	24	1.424989
239	7	14	1.449576
239	8	9	1.058236
239	10	23	1.122492
239	12	13	1.150096
239	16	17	1.410180
239	18	19	1.192994
239	20	21	1.072876
239	26	27	1.096092
239	28	29	1.296557
240	0	1	1.103083
240	4	15	1.494588
240	5	24	1.340464
240	7	14	1.500963
240	8	9	1.507630
240	10	23	1.164365
240	12	13	1.306553
240	16	17	1.121803
240	18	19	1.350944
240	20	21	1.294490
240	26	27	1.193711
240	28	29	1.410594
241	0	1	1.200316
241	4	15	1.401957
241	5	24	1.104865
241	7	14	1.255429
241	8	9	1.456907
241	10	23	1.336693
241	12	13	1.436108
241	16	17	1.399659
241	18	19	1.484118
241	20	21	1.424097
241	26	27	1.426998
241	28	29	1.306851
242	0	1	1.455838
242	4	15	1.344239
242	5	24	1.100261
242	7	14	1.013502
242	8	9	1.469016
242	10	23	1.333844
242	12	13	1.334161
242	16	17	1.443673
242	18	19	1.276665
242	20	21	1.275156
242	26	27	1.241372
242	28	29	1.206742
243	0	1	1.177266
243	4	15	1.567783
243	5	24	1.220063
243	7	14	1.114139
243	8	9	1.322352
243	10	23	1.377145
243	12	13	1.450318
243	16	17	1.445078
243	18	19	1.105648
243	20	21	1.424967
243	26	27	1.173459
243	28	29	1.317052
244	0	1	1.546118
244	4	15	1.490281
244	5	24	1.323425
244	7	14	1.487046
244	8	9	1.374833
244	10	23	1.552144
244	12	13	1.380796
244	18	19	1.440908
244	20	21	1.446882
244	26	27	1.302269
244	28	29	1.324206
245	0	1	1.003543
245	4	15	1.465596
245	5	24	1.166796
245	7	14	1.179349
245	8	9	1.341846
245	10	23	1.156337
245	12	13	1.424064
245	18	19	1.145437
245	20	21	1.094709
245	26	27	1.371184
245	28	29	1.005825
246	0	1	1.239542
246	4	15	1.301602
246	5	24	1.161882
246	7	14	1.317894
246	8	9	1.341104
246	10	23	1.172682
246	12	13	1.067576
246	16	17	1.056714
246	18	19	1.142618
246	20	21	1.214025
246	26	27	1.457806
246	28	29	1.354809
247	0	1	1.138317
247	4	15	1.406118
247	5	24	1.222997
247	7	14	1.491154
247	8	9	1.382397
247	10	23	1.396004
247	12	13	1.183791
247	16	17	1.085883
247	18	19	1.384246
247	20	21	1.407056
247	26	27	1.485494
247	28	29	1.105795
248	0	1	1.271285
248	4	15	1.292305
248	5	24	1.474126
248	7	14	1.456162
248	8	9	1.197092
248	10	23	1.193683
248	12	13	1.308112
248	16	17	1.211682
248	18	19	1.455307
248	20	21	1.227824
248	26	27	1.458815
248	28	29	1.407708
249	0	1	1.117909
249	4	15	1.168927
249	5	24	1.320076
249	7	14	1.324257
249	8	9	1.436582
249	10	23	1.450204
249	12	13	1.424777
249	16	17	1.416223
249	18	19	1.007307
249	20	21	1.411649
249	26	27	1.248125
249	28	29	1.104525
250	0	1	1.333447
250	4	15	1.453560
250	5	24	1.395726
250	7	14	1.339280
250	8	9	1.419676
250	10	23	1.284859
250	12	13	1.400877
250	16	17	1.114567
250	18	19	1.237110
250	20	21	1.163887
250	26	27	1.054384
250	28	29	1.383061
251	0	1	1.319343
251	4	15	1.109108
251	5	24	1.378887
251	7	14	1.355642
251	8	9	1.036398
251	10	23	1.359860
251	12	13	1.419959
251	16	17	1.231128
251	18	19	1.062817
251	20	21	1.306313
251	26	27	1.252916
251	28	29	1.473573
252	0	1	1.278233
252	4	15	1.172570
252	5	24	1.463179
252	7	14	1.441909
252	8	9	1.473669
252	10	23	1.467961
252	12	13	1.358811
252	16	17	1.421549
252	18	19	1.255254
252	20	21	1.131095
252	26	27	1.382081
252	28	29	1.374581
253	0	1	1.253068
253	4	15	1.295908
253	5	24	1.295948
253	7	14	1.285253
253	8	9	1.221248
253	10	23	1.312807
253	12	13	1.143576
253	16	17	1.469695
253	18	19	1.154055
253	20	21	1.181730
253	26	27	1.087565
253	28	29	1.113808
254	0	1	1.199198
254	4	15	1.045195
254	5	24	1.319642
254	7	14	1.065871
254	8	9	1.234969
254	10	23	1.327877
254	12	13	1.318168
254	16	17	1.558440
254	18	19	1.274022
254	20	21	1.512337
254	26	27	0.927691
254	28	29	1.290912
255	0	1	1.094002
255	4	15	1.415177
255	5	24	1.138404
255	7	14	1.162229
255	8	9	1.174297
255	10	23	1.322231
255	12	13	1.401608
255	16	17	1.221743
255	18	19	1.263174
255	20	21	1.179503
255	26	27	1.435942
255	28	29	1.415823
256	0	1	1.262310
256	4	15	1.439663
256	5	24	1.515491
256	7	14	1.448998
256	8	9	1.272272
256	10	23	1.433761
256	12	13	1.239690
256	16	17	1.416101
256	18	19	1.408854
256	20	21	1.459791
256	26	27	1.427738
256	28	29	1.098478
257	0	1	1.125940
257	4	15	1.429664
257	5	24	1.223049
257	7	14	1.305376
257	8	9	1.242026
257	10	23	1.486601
257	12	13	1.445804
257	16	17	1.207641
257	18	19	1.325300
257	20	21	1.281147
257	26	27	1.237066
257	28	29	1.558148
258	0	1	1.050189
258	4	15	1.197577
258	5	24	1.214023
258	7	14	1.426732
258	8	9	1.368003
258	10	23	1.032264
258	12	13	1.376249
258	16	17	1.162301
258	18	19	1.321764
258	20	21	1.271927
258	26	27	1.335515
258	28	29	1.186877
259	0	1	1.399429
259	4	15	1.101383
259	5	24	1.465524
259	7	14	1.367723
259	8	9	1.315227
259	10	23	1.444872
259	12	13	1.604818
259	16	17	1.490854
259	18	19	1.396109
259	20	21	1.044044
259	26	27	1.059697
259	28	29	1.173611
260	0	1	1.014771
260	4	15	1.183783
260	5	24	1.126081
260	7	14	1.194810
260	8	9	1.235489
260	10	23	1.286769
260	12	13	1.410318
260	16	17	1.021341
260	18	19	1.463660
260	20	21	1.395817
260	26	27	1.012933
260	28	29	1.402203
261	0	1	1.081763
261	4	15	1.349485
261	5	24	1.188576
261	7	14	1.052690
261	8	9	1.186769
261	10	23	1.070415
261	12	13	1.298361
261	16	17	1.432756
261	18	19	0.968226
261	20	21	1.305410
261	26	27	1.364814
261	28	29	1.196944
262	0	1	1.438828
262	4	15	1.174440
262	5	24	1.331950
262	7	14	1.411142
262	8	9	1.319434
262	10	23	1.207453
262	12	13	1.263544
262	16	17	1.532838
262	18	19	1.377460
262	20	21	1.047815
262	26	27	1.441872
262	28	29	1.237798
263	0	1	0.975375
263	4	15	1.201883
263	5	24	1.096903
263	7	14	1.123673
263	8	9	1.208372
263	10	23	1.226904
263	12	13	1.413463
263	16	17	1.417894
263	18	19	1.390847
263	20	21	1.197229
263	26	27	1.316566
263	28	29	1.269160
264	0	1	1.222748
264	4	15	1.366549
264	5	24	1.220049
264	7	14	1.062288
264	8	9	1.471724
264	10	23	1.480129
264	12	13	1.251339
264	16	17	1.201116
264	18	19	1.389866
264	20	21	1.463955
264	26	27	1.452070
264	28	29	1.089468
265	0	1	1.271002
265	2	3	1.154260
265	4	15	1.267276
265	5	24	1.203888
265	7	14	1.184943
265	8	9	1.315035
265	10	23	1.264357
265	12	13	1.120841
265	16	17	1.345287
265	18	19	1.050191
265	20	21	1.464221
265	26	27	1.372203
265	28	29	1.430055
266	0	1	1.345230
266	2	3	1.210704
266	4	15	1.366966
266	7	14	1.417070
266	8	9	1.175962
266	10	23	1.295204
266	12	13	1.354801
266	16	17	1.160633
266	18	19	1.091717
266	20	21	1.305015
266	26	27	1.409625
266	28	29	1.300297
267	0	1	1.318209
267	2	3	1.153480
267	4	15	1.151093
267	7	14	1.078227
267	8	9	1.302249
267	10	23	1.471769
267	12	13	1.215090
267	16	17	1.458523
267	18	19	1.290708
267	20	21	1.356237
267	26	27	1.434633
267	28	29	1.457608
268	0	1	1.044274
268	2	3	1.169569
268	4	15	1.125851
268	5	24	1.329740
268	7	14	1.071807
268	8	9	1.307218
268	10	23	1.392073
268	12	13	1.343952
268	16	17	1.435218
268	18	19	1.447687
268	20	21	1.300982
268	26	27	1.314273
268	28	29	1.125530
269	0	1	1.535606
269	2	3	1.370373
269	4	15	1.012398
269	5	24	1.503157
269	7	14	1.416557
269	8	9	1.385856
269	10	23	1.261392
269	12	13	1.323559
269	16	17	1.192516
269	18	19	1.441468
269	20	21	1.357021
269	26	27	1.409458
269	28	29	1.067862
270	0	1	1.327892
270	2	3	1.100852
270	4	15	1.243149
270	5	24	1.031716
270	7	14	1.207193
270	8	9	1.311820
270	10	23	1.411558
270	12	13	1.091328
270	16	17	1.307910
270	18	19	1.069859
270	20	21	1.387405
270	26	27	1.132530
270	28	29	1.401378
271	0	1	1.451748
271	2	3	1.148287
271	4	15	1.413729
271	5	24	1.175066
271	7	14	1.283501
271	8	9	1.486446
271	10	23	1.251225
271	12	13	1.399727
271	16	17	1.459275
271	18	19	1.341808
271	20	21	1.461286
271	26	27	1.113923
271	28	29	1.411049
272	0	1	1.395669
272	2	3	1.232758
272	4	15	1.322923
272	5	24	1.261729
272	7	14	1.432579
272	8	9	1.412016
272	10	23	1.355816
272	12	13	1.124163
272	16	17	1.209464
272	18	19	1.461994
272	20	21	1.354646
272	26	27	1.461141
272	28	29	1.434203
273	0	1	1.301978
273	2	3	1.420926
273	4	15	1.489688
273	5	24	1.374398
273	7	14	1.103280
273	8	9	1.418000
273	10	23	1.036255
273	12	13	1.188392
273	16	17	1.266491
273	18	19	1.133699
273	20	21	1.232029
273	26	27	1.382622
273	28	29	1.104474
274	0	1	1.285778
274	2	3	1.309965
274	4	15	1.144450
274	5	24	1.115122
274	7	14	1.384935
274	8	9	1.289402
274	10	23	1.441426
274	12	13	1.092513
274	16	17	1.304870
274	18	19	1.457208
274	20	21	1.105218
274	26	27	1.417788
274	28	29	1.470061
275	0	1	1.210238
275	2	3	1.281375
275	4	15	1.468335
275	5	24	1.110503
275	7	14	1.342730
275	8	9	1.085841
275	10	23	1.435727
275	12	13	1.093319
275	16	17	1.094541
275	18	19	1.317435
275	20	21	1.186059
275	26	27	1.425424
275	28	29	1.040749
276	0	1	1.236972
276	2	3	1.062636
276	4	15	1.039910
276	5	24	1.391339
276	7	14	1.035201
276	10	23	1.272261
276	12	13	1.380384
276	16	17	1.310269
276	18	19	1.401944
276	20	21	1.023168
276	26	27	1.168269
276	28	29	1.283242
277	0	1	1.512642
277	2	3	1.228769
277	4	15	1.459230
277	5	24	1.426001
277	7	14	1.144752
277	10	23	1.389419
277	12	13	1.454711
277	16	17	1.102395
277	18	19	1.593114
277	20	21	1.443967
277	26	27	1.014687
277	28	29	1.286899
278	0	1	1.352179
278	2	3	1.300954
278	4	15	1.392309
278	5	24	1.207369
278	7	14	1.414409
278	10	23	1.219554
278	12	13	1.249105
278	16	17	1.067043
278	18	19	1.083940
278	20	21	1.461935
278	26	27	1.156273
278	28	29	1.400217
279	0	1	1.022424
279	2	3	1.153757
279	4	15	1.375319
279	5	24	1.291742
279	7	14	1.046096
279	10	23	1.275290
279	12	13	1.481808
279	16	17	1.152797
279	18	19	1.271493
279	20	21	1.370501
279	28	29	1.250138
280	0	1	1.522021
280	2	3	1.230768
280	4	15	1.355322
280	5	24	1.345000
280	7	14	1.178435
280	10	23	1.437746
280	12	13	1.179179
280	16	17	1.411296
280	18	19	1.152680
280	20	21	1.434099
280	26	27	1.331611
280	28	29	1.094016
281	0	1	1.036724
281	2	3	1.280058
281	4	15	1.043211
281	5	24	1.473311
281	7	14	1.155768
281	10	23	1.427863
281	12	13	1.165231
281	16	17	1.527001
281	18	19	1.331122
281	20	21	1.087232
281	26	27	1.013551
281	28	29	1.370281
282	0	1	1.409129
282	2	3	1.388348
282	5	24	1.178518
282	7	14	1.158903
282	10	23	1.282408
282	12	13	1.232737
282	16	17	1.130641
282	18	19	1.263448
282	20	21	1.430116
282	26	27	1.343131
282	28	29	1.441173
283	0	1	1.086982
283	2	3	1.121037
283	5	24	1.404477
283	7	14	1.178112
283	10	23	1.064209
283	12	13	1.409740
283	16	17	1.450441
283	18	19	1.020829
283	20	21	1.127713
283	26	27	1.192417
283	28	29	1.273793
284	0	1	1.113977
284	2	3	1.462963
284	5	24	1.418908
284	7	14	1.190612
284	10	23	1.499726
284	12	13	1.449817
284	16	17	1.198465
284	18	19	1.150198
284	20	21	1.447890
284	26	27	1.426089
284	28	29	1.256973
285	0	1	1.625454
285	2	3	1.438369
285	5	24	1.419118
285	7	14	1.338585
285	10	23	1.126897
285	12	13	1.036340
285	16	17	1.267378
285	18	19	1.458113
285	20	21	1.444537
285	26	27	1.087901
285	28	29	1.499204
286	0	1	1.102957
286	2	3	1.392646
286	5	24	1.303038
286	7	14	1.376809
286	10	23	1.367040
286	12	13	0.999720
286	16	17	1.445357
286	18	19	1.221157
286	20	21	1.287187
286	26	27	1.396049
286	28	29	1.088901
287	0	1	1.487902
287	2	3	1.438982
287	5	24	1.306899
287	10	23	1.273168
287	12	13	1.080490
287	16	17	1.044396
287	18	19	1.073233
287	20	21	1.471429
287	26	27	1.321258
287	28	29	1.171682
288	0	1	1.302203
288	2	3	1.346839
288	5	24	1.322448
288	10	23	1.124927
288	12	13	1.112800
288	16	17	1.192081
288	18	19	1.388730
288	20	21	1.023132
288	26	27	1.379181
288	28	29	1.215864
289	0	1	1.043445
289	2	3	1.310621
289	5	24	1.236657
289	10	23	1.443230
289	12	13	1.191080
289	16	17	1.161601
289	18	19	1.457457
289	20	21	1.290965
289	26	27	1.066808
289	28	29	1.078065
290	0	1	1.462339
290	2	3	1.395767
290	5	24	1.345539
290	10	23	1.105552
290	12	13	1.467853
290	16	17	1.400243
290	18	19	1.341664
290	20	21	1.039242
290	26	27	1.261732
290	28	29	1.502611
291	0	1	1.446744
291	2	3	1.407795
291	5	24	1.195621
291	10	23	1.395063
291	12	13	1.451457
291	16	17	1.193924
291	18	19	1.255964
291	20	21	1.464636
291	26	27	1.238375
291	28	29	1.416859
292	0	1	0.966530
292	2	3	1.083698
292	5	24	1.448577
292	10	23	1.133175
292	12	13	1.063326
292	16	17	1.098838
292	18	19	1.193460
292	20	21	1.119323
292	26	27	1.077544
292	28	29	1.142557
293	0	1	1.111702
293	2	3	1.402565
293	5	24	1.409048
293	7	14	1.470702
293	10	23	1.347325
293	12	13	1.391882
293	16	17	1.056825
293	18	19	1.318047
293	20	21	1.353862
293	26	27	1.164414
293	28	29	1.394241
294	0	1	1.147702
294	2	3	1.443546
294	5	24	1.100339
294	7	14	1.084024
294	10	23	1.274302
294	12	13	1.262665
294	16	17	1.415715
294	18	19	1.275859
294	20	21	1.377265
294	26	27	1.345013
294	28	29	0.985579
295	0	1	1.315228
295	2	3	1.390393
295	5	24	1.465519
295	7	14	1.337535
295	10	23	1.374353
295	12	13	1.342279
295	16	17	1.070989
295	18	19	1.276828
295	20	21	1.441867
295	26	27	1.224321
295	28	29	1.374531
296	0	1	1.296512
296	2	3	1.218164
296	5	24	1.294274
296	7	14	1.203851
296	10	23	1.469882
296	12	13	1.323791
296	16	17	1.049605
296	18	19	1.046253
296	20	21	1.467021
296	26	27	1.072600
296	28	29	1.272370
297	0	1	1.314143
297	2	3	1.233521
297	5	24	1.208056
297	7	14	1.001177
297	10	23	1.351339
297	12	13	1.334489
297	16	17	1.392167
297	18	19	1.021517
297	20	21	1.435615
297	26	27	1.375534
297	28	29	1.451753
298	0	1	1.419029
298	2	3	1.466702
298	5	24	1.459768
298	7	14	1.203744
298	10	23	1.183732
298	12	13	1.514517
298	16	17	1.168711
298	18	19	1.463441
298	20	21	1.147338
298	26	27	1.278342
298	28	29	1.312293
299	0	1	1.479174
299	2	3	1.113805
299	5	24	1.375937
299	7	14	1.123444
299	10	23	1.078196
299	12	13	1.413646
299	16	17	1.201750
299	18	19	1.285953
299	20	21	1.287881
299	26	27	1.191539
299	28	29	1.298752
300	0	1	1.376614
300	2	3	1.459117
300	5	24	1.482576
300	7	14	1.252489
300	10	23	1.359848
300	12	13	1.372755
300	16	17	1.109276
300	18	19	1.363368
300	20	21	1.504263
300	26	27	1.428011
300	28	29	1.502019
301	0	1	1.498112
301	2	3	1.346424
301	5	24	1.319789
301	7	14	1.436876
301	10	23	1.340576
301	12	13	1.540221
301	16	17	1.297842
301	18	19	1.079671
301	20	21	1.448137
301	26	27	1.123718
301	28	29	1.441547
302	0	1	1.129221
302	2	3	1.539369
302	5	24	1.132977
302	7	14	1.267479
302	10	23	1.263180
302	12	13	1.170915
302	16	17	1.039079
302	18	19	1.426101
302	20	21	1.463274
302	26	27	1.255857
302	28	29	1.382625
303	0	1	1.404013
303	2	3	1.361640
303	5	24	1.173371
303	7	14	1.340431
303	10	23	1.345875
303	12	13	1.243459
303	16	17	1.191833
303	18	19	1.028201
303	20	21	1.219870
303	26	27	1.301421
303	28	29	1.165380
304	0	1	1.372524
304	2	3	1.223022
304	5	24	1.224102
304	7	14	1.256070
304	10	23	1.435345
304	12	13	1.354254
304	16	17	1.120118
304	18	19	1.144577
304	20	21	1.103758
304	26	27	1.214417
304	28	29	1.311708
305	0	1	1.404053
305	2	3	1.287266
305	5	24	1.086315
305	7	14	1.145517
305	10	23	1.428520
305	12	13	1.343986
305	16	17	1.325216
305	18	19	1.377083
305	20	21	1.436745
305	26	27	1.421059
305	28	29	1.361175
306	0	1	1.330309
306	2	3	1.528745
306	5	24	1.537376
306	7	14	1.431443
306	10	23	1.080528
306	12	13	1.411072
306	16	17	1.148665
306	18	19	1.352736
306	20	21	1.451973
306	26	27	1.230576
306	28	29	1.332796
307	0	1	1.347081
307	2	3	1.460529
307	5	24	1.183197
307	7	14	1.371685
307	10	23	1.431242
307	12	13	1.228131
307	16	17	1.488069
307	18	19	1.432930
307	20	21	1.243154
307	26	27	1.467778
307	28	29	1.449625
308	0	1	0.958283
308	2	3	1.090413
308	5	24	1.322115
308	7	14	1.177324
308	10	23	1.226118
308	12	13	1.386999
308	16	17	1.145012
308	18	19	1.292265
308	20	21	1.508943
308	26	27	1.431699
308	28	29	1.351269
309	0	1	1.099661
309	2	3	1.362528
309	5	24	1.352724
309	7	14	1.465094
309	10	23	1.413896
309	12	13	1.484933
309	16	17	1.390093
309	18	19	1.180904
309	20	21	1.306262
309	26	27	1.253500
309	28	29	1.371015
310	0	1	1.051252
310	2	3	1.272513
310	5	24	1.169910
310	7	14	1.182065
310	10	23	1.335115
310	12	13	1.279087
310	16	17	1.399404
310	18	19	1.363435
310	20	21	1.436600
310	26	27	1.009890
310	28	29	1.013356
311	0	1	1.526038
311	2	3	1.149558
311	5	24	1.425916
311	7	14	0.992079
311	10	23	1.213011
311	12	13	1.246225
311	16	17	1.378809
311	18	19	1.291788
311	20	21	1.107099
311	26	27	1.124310
311	28	29	1.205438
312	0	1	1.428248
312	2	3	1.392304
312	5	24	1.467041
312	7	14	1.392834
312	10	23	1.426326
312	12	13	1.319118
312	16	17	1.127268
312	18	19	1.310434
312	20	21	1.244399
312	26	27	1.149089
312	28	29	1.263021
313	0	1	1.076910
313	2	3	1.440222
313	5	24	1.238912
313	7	14	1.368181
313	10	23	1.165715
313	12	13	1.071318
313	16	17	1.316233
313	18	19	1.301025
313	20	21	1.031629
313	26	27	1.321438
313	28	29	1.194752
314	0	1	1.205138
314	2	3	1.196685
314	5	24	1.200487
314	7	14	1.327440
314	10	23	1.423087
314	12	13	1.460719
314	16	17	1.469777
314	18	19	1.212799
314	20	21	1.262006
314	26	27	1.352782
314	28	29	1.361896
315	0	1	1.198889
315	2	3	1.439905
315	5	24	1.127255
315	7	14	1.452658
315	10	23	1.266998
315	12	13	1.319880
315	16	17	1.087313
315	18	19	1.191089
315	20	21	1.186910
315	26	27	1.215443
315	28	29	1.278948
316	0	1	0.993420
316	2	3	1.399265
316	5	24	1.153809
316	7	14	1.314352
316	10	23	1.406932
316	12	13	1.410169
316	16	17	1.303181
316	18	19	1.247704
316	20	21	1.432547
316	26	27	1.196638
316	28	29	1.556447
317	0	1	1.519054
317	2	3	1.377650
317	5	24	1.391222
317	7	14	1.104281
317	10	23	1.312781
317	12	13	1.085218
317	16	17	1.353053
317	18	19	1.334480
317	20	21	1.144787
317	26	27	1.379973
317	28	29	1.414233
318	0	1	1.063323
318	2	3	1.296232
318	5	24	1.454619
318	7	14	1.461636
318	8	9	1.226657
318	10	23	1.203199
318	12	13	1.088573
318	16	17	1.422083
318	18	19	1.184593
318	20	21	1.253308
318	26	27	1.342632
318	28	29	1.142648
319	0	1	1.286580
319	2	3	1.357040
319	7	14	1.130137
319	8	9	1.238488
319	10	23	1.380541
319	12	13	1.403956
319	16	17	1.344943
319	18	19	1.087474
319	20	21	1.438863
319	26	27	1.296133
319	28	29	1.280361
320	0	1	1.007621
320	2	3	1.242281
320	5	24	1.292232
320	7	14	1.296152
320	8	9	1.405069
320	10	23	1.419982
320	12	13	1.022218
320	16	17	1.242883
320	18	19	1.078376
320	20	21	1.120047
320	26	27	1.406063
320	28	29	1.361941
321	0	1	1.166601
321	2	3	1.137062
321	5	24	1.371375
321	7	14	1.320200
321	8	9	1.030200
321	10	23	1.467506
321	12	13	1.029928
321	16	17	1.391616
321	18	19	1.055388
321	20	21	1.407820
321	26	27	1.441263
321	28	29	1.069121
322	0	1	1.250180
322	2	3	1.477429
322	5	24	1.414424
322	7	14	1.122518
322	8	9	1.053257
322	10	23	1.346809
322	12	13	1.290407
322	16	17	1.460920
322	18	19	1.309615
322	20	21	1.383705
322	26	27	1.456043
322	28	29	1.316545
323	0	1	1.420883
323	2	3	1.451908
323	5	24	1.422329
323	7	14	1.128542
323	8	9	1.411160
323	10	23	1.424441
323	12	13	1.324324
323	16	17	1.458006
323	18	19	1.449827
323	20	21	1.442049
323	26	27	1.652212
323	28	29	1.383121
324	0	1	1.400366
324	2	3	1.478272
324	5	24	1.098266
324	7	14	1.232251
324	8	9	1.083356
324	10	23	1.385066
324	12	13	1.333085
324	16	17	1.206869
324	18	19	1.049536
324	20	21	1.143002
324	26	27	1.275932
324	28	29	1.292176
325	0	1	1.377546
325	2	3	1.239947
325	5	24	1.225149
325	7	14	1.128884
325	8	9	1.260585
325	10	23	1.455614
325	12	13	1.326714
325	16	17	1.405447
325	18	19	1.027481
325	20	21	1.200629
325	26	27	1.101973
325	28	29	1.190479
326	0	1	1.285489
326	2	3	1.303288
326	5	24	1.296614
326	7	14	1.396105
326	8	9	1.252490
326	10	23	1.062394
326	12	13	1.333716
326	16	17	1.326222
326	18	19	1.259288
326	20	21	1.223898
326	26	27	1.186742
326	28	29	1.164861
327	0	1	1.184312
327	2	3	1.479821
327	5	24	1.477227
327	7	14	1.239305
327	8	9	1.149584
327	10	23	1.156439
327	12	13	1.038910
327	16	17	1.173376
327	18	19	1.113661
327	20	21	1.433809
327	26	27	1.423123
327	28	29	1.311329
328	0	1	1.027528
328	2	3	1.181366
328	5	24	1.455206
328	7	14	1.294482
328	8	9	1.427131
328	10	23	1.285509
328	12	13	1.330348
328	16	17	1.483852
328	18	19	1.165040
328	20	21	1.483129
328	26	27	1.259923
328	28	29	1.416241
329	0	1	1.223396
329	2	3	1.075575
329	5	24	1.088814
329	7	14	1.247601
329	8	9	1.294504
329	10	23	1.207725
329	12	13	1.233509
329	16	17	1.260516
329	18	19	1.363840
329	20	21	1.264497
329	26	27	1.190647
329	28	29	1.341245
330	0	1	1.221648
330	2	3	1.481538
330	5	24	1.320394
330	7	14	1.311358
330	8	9	1.055212
330	10	23	1.178343
330	12	13	1.339203
330	16	17	1.357423
330	18	19	1.475305
330	20	21	1.342171
330	26	27	1.082230
330	28	29	1.203789
331	0	1	1.213344
331	2	3	1.358409
331	5	24	1.419440
331	7	14	1.211920
331	8	9	1.425964
331	10	23	1.468726
331	12	13	1.364683
331	16	17	1.376107
331	18	19	1.318494
331	20	21	1.470497
331	26	27	1.332520
331	28	29	1.179826
332	0	1	1.034520
332	2	3	1.421374
332	5	24	1.106962
332	7	14	1.486962
332	8	9	1.226504
332	10	23	1.104366
332	12	13	1.382796
332	16	17	1.128493
332	18	19	1.445940
332	20	21	1.519655
332	26	27	1.501953
332	28	29	1.512440
333	0	1	1.150105
333	2	3	1.056985
333	5	24	1.057644
333	7	14	1.377133
333	8	9	1.317356
333	10	23	1.289969
333	12	13	1.355267
333	16	17	1.207434
333	18	19	1.203771
333	20	21	1.395518
333	26	27	1.441903
333	28	29	1.615989
334	0	1	1.165592
334	2	3	1.000877
334	5	24	1.456614
334	7	14	1.341697
334	8	9	1.374923
334	10	23	1.443776
334	12	13	1.298712
334	16	17	1.080196
334	18	19	1.450740
334	20	21	1.496238
334	26	27	1.223979
334	28	29	1.390218
335	0	1	1.371202
335	2	3	1.248767
335	5	24	1.214000
335	7	14	1.437883
335	8	9	1.116887
335	10	23	1.215714
335	12	13	1.425197
335	16	17	1.295663
335	18	19	1.376721
335	20	21	1.348930
335	26	27	1.361659
335	28	29	1.187432
336	0	1	1.162731
336	2	3	1.468054
336	5	24	1.210382
336	7	14	1.208314
336	8	9	1.158309
336	10	23	1.327125
336	12	13	1.277246
336	16	17	1.357007
336	18	19	1.123083
336	20	21	1.458514
336	26	27	1.354506
336	28	29	1.369421
337	0	1	1.092533
337	2	3	1.346774
337	5	24	1.297211
337	7	14	1.081090
337	8	9	1.516231
337	10	23	1.376965
337	12	13	1.460778
337	16	17	1.144108
337	18	19	1.419231
337	20	21	1.417597
337	26	27	1.154051
337	28	29	1.105725
338	0	1	1.136972
338	2	3	1.139448
338	5	24	1.284358
338	7	14	1.032715
338	8	9	1.328979
338	10	23	1.429274
338	12	13	1.310858
338	16	17	1.158575
338	18	19	1.472925
338	20	21	1.313488
338	26	27	0.947494
338	28	29	1.223921
339	0	1	1.448283
339	2	3	1.347279
339	5	24	1.127216
339	7	14	1.041057
339	8	9	1.304383
339	10	23	1.260230
339	12	13	1.373482
339	16	17	1.162239
339	18	19	1.467811
339	20	21	1.059829
339	26	27	1.250583
339	28	29	1.202632
340	0	1	1.082922
340	2	3	1.495621
340	5	24	1.279777
340	7	14	1.087177
340	8	9	1.062245
340	10	23	1.419627
340	12	13	1.490339
340	16	17	1.294578
340	18	19	1.151467
340	20	21	1.153322
340	26	27	1.406757
340	28	29	1.215300
341	0	1	1.475688
341	2	3	1.414904
341	5	24	1.110991
341	7	14	1.275425
341	8	9	1.310358
341	10	23	1.376126
341	12	13	1.427985
341	16	17	1.454224
341	18	19	1.380943
341	20	21	1.281130
341	26	27	1.297187
341	28	29	1.476156
342	0	1	1.249570
342	2	3	1.334475
342	5	24	1.519896
342	7	14	1.378065
342	8	9	1.391777
342	10	23	1.361003
342	12	13	1.427350
342	16	17	1.400035
342	18	19	1.292468
342	20	21	1.278617
342	26	27	1.252799
342	28	29	1.434043
343	0	1	1.428191
343	2	3	1.410993
343	5	24	1.239668
343	7	14	1.421952
343	8	9	1.405411
343	10	23	1.188865
343	12	13	1.109487
343	16	17	1.081596
343	18	19	1.425603
343	20	21	1.275235
343	26	27	1.031989
343	28	29	1.323582
344	0	1	1.193077
344	2	3	1.441943
344	5	24	1.326501
344	7	14	1.395787
344	8	9	1.442745
344	10	23	1.376735
344	12	13	1.396135
344	16	17	1.143000
344	18	19	1.196677
344	20	21	1.379964
344	26	27	1.152382
344	28	29	1.208790
345	0	1	1.421408
345	2	3	1.360618
345	5	24	1.267597
345	7	14	1.324444
345	8	9	1.417175
345	10	23	1.005402
345	12	13	1.049116
345	16	17	1.155807
345	18	19	1.119210
345	20	21	1.092454
345	26	27	1.211723
345	28	29	1.017479
346	0	1	1.271896
346	2	3	1.423159
346	5	24	1.444193
346	7	14	1.422042
346	8	9	1.268340
346	10	23	1.367002
346	12	13	1.436774
346	16	17	1.378845
346	18	19	1.146827
346	20	21	1.264201
346	26	27	1.118229
346	28	29	1.143728
347	0	1	1.364424
347	2	3	1.315380
347	5	24	1.270928
347	7	14	1.235106
347	8	9	1.381990
347	10	23	1.338622
347	12	13	1.223700
347	16	17	1.410405
347	18	19	1.044373
347	20	21	1.222981
347	26	27	1.380426
347	28	29	1.093408
348	0	1	1.105463
348	2	3	1.104457
348	5	24	1.192958
348	7	14	1.084218
348	8	9	1.448725
348	10	23	1.460598
348	12	13	1.302217
348	16	17	0.984703
348	18	19	1.100111
348	20	21	1.375900
348	26	27	1.295850
348	28	29	1.345812
349	0	1	1.225297
349	2	3	1.412075
349	5	24	1.470823
349	7	14	1.446857
349	8	9	1.317731
349	10	23	1.340959
349	12	13	1.459913
349	16	17	1.238283
349	18	19	1.395050
349	20	21	1.338234
349	26	27	1.303262
349	28	29	1.278104
350	0	1	1.136875
350	2	3	1.202175
350	5	24	1.274716
350	7	14	1.073388
350	8	9	1.312903
350	10	23	1.421362
350	12	13	1.272932
350	16	17	1.365216
350	18	19	1.147868
350	20	21	1.292192
350	26	27	1.347408
350	28	29	1.312681
351	0	1	1.112042
351	2	3	1.033435
351	5	24	1.465633
351	7	14	1.344938
351	8	9	1.252530
351	10	23	1.246636
351	12	13	1.226678
351	16	17	1.080178
351	18	19	1.078636
351	20	21	1.183959
351	26	27	1.179919
351	28	29	1.328889
352	0	1	1.072655
352	2	3	1.362785
352	5	24	1.392385
352	7	14	1.464603
352	8	9	1.388628
352	10	23	1.413492
352	12	13	1.269987
352	16	17	1.068497
352	18	19	1.229887
352	20	21	1.261244
352	26	27	1.237705
352	28	29	1.341793
353	0	1	1.222691
353	2	3	1.561064
353	5	24	1.425159
353	7	14	1.439979
353	8	9	1.423425
353	10	23	1.127408
353	12	13	1.454667
353	16	17	1.315370
353	18	19	1.358965
353	20	21	1.221891
353	26	27	1.159676
353	28	29	1.070960
354	0	1	1.106009
354	2	3	1.191975
354	5	24	1.407625
354	7	14	1.187608
354	8	9	1.293699
354	10	23	1.112155
354	12	13	1.229814
354	16	17	1.373772
354	18	19	1.271141
354	20	21	1.440067
354	26	27	1.195166
354	28	29	1.489885
355	0	1	1.130984
355	2	3	1.158215
355	5	24	1.284831
355	7	14	1.416876
355	8	9	1.410573
355	10	23	1.462467
355	12	13	1.417597
355	16	17	1.166416
355	18	19	1.392468
355	20	21	1.372427
355	26	27	1.433844
355	28	29	1.482048
356	0	1	1.227596
356	2	3	1.334350
356	5	24	1.343293
356	7	14	1.293354
356	8	9	1.268710
356	10	23	1.213287
356	12	13	1.324897
356	16	17	1.411504
356	18	19	1.273487
356	20	21	1.208038
356	26	27	1.177592
356	28	29	1.199732
357	0	1	1.425254
357	2	3	1.106114
357	5	24	1.439251
357	7	14	1.432585
357	8	9	1.113610
357	10	23	1.196494
357	12	13	1.308491
357	16	17	1.450948
357	18	19	1.305517
357	20	21	1.048772
357	26	27	1.452619
357	28	29	1.482532
358	0	1	1.388961
358	2	3	1.386104
358	5	24	0.959606
358	7	14	1.077360
358	8	9	1.271451
358	10	23	1.060556
358	12	13	1.105470
358	16	17	1.405851
358	18	19	1.302055
358	20	21	0.980289
358	26	27	1.324884
358	28	29	1.211424
359	0	1	1.136585
359	2	3	1.053984
359	5	24	1.358147
359	7	14	1.343374
359	8	9	1.534366
359	10	23	0.963512
359	12	13	1.340030
359	16	17	1.196825
359	18	19	1.235523
359	20	21	1.213226
359	26	27	1.343402
359	28	29	1.115464
360	0	1	1.301913
360	2	3	1.276637
360	5	24	1.444111
360	7	14	1.307043
360	8	9	1.358797
360	10	23	1.423935
360	12	13	1.312950
360	16	17	1.359565
360	18	19	1.408337
360	20	21	1.318236
360	26	27	1.194330
360	28	29	1.423555
361	0	1	1.305871
361	2	3	1.401387
361	5	24	1.205820
361	7	14	1.249479
361	8	9	1.447205
361	10	23	1.220468
361	12	13	1.250265
361	16	17	1.128186
361	18	19	1.222410
361	20	21	1.486425
361	26	27	1.271206
361	28	29	1.394283
362	0	1	1.118522
362	2	3	1.449352
362	5	24	1.450913
362	7	14	1.073478
362	8	9	1.415872
362	10	23	1.191775
362	12	13	1.223490
362	16	17	1.393311
362	18	19	1.077411
362	20	21	1.126629
362	26	27	1.164987
362	28	29	1.026820
363	0	1	1.401337
363	2	3	1.511353
363	5	24	1.456694
363	7	14	1.078620
363	8	9	1.237464
363	10	23	1.468062
363	12	13	1.321216
363	16	17	1.446599
363	18	19	1.176564
363	20	21	1.362829
363	26	27	1.246900
363	28	29	1.311241
364	0	1	1.181783
364	2	3	1.532374
364	5	24	1.489921
364	7	14	1.172905
364	8	9	1.326488
364	10	23	1.291383
364	12	13	1.069012
364	16	17	1.186017
364	18	19	1.411639
364	20	21	1.218979
364	26	27	1.402930
364	28	29	1.370272
365	0	1	1.422108
365	2	3	1.281315
365	5	24	1.260008
365	7	14	1.158189
365	8	9	1.487265
365	10	23	1.366055
365	12	13	1.118470
365	16	17	1.260160
365	18	19	1.301925
365	20	21	1.397303
365	26	27	1.312732
365	28	29	1.447228
366	0	1	1.098886
366	2	3	1.231390
366	5	24	1.450334
366	7	14	1.134473
366	8	9	1.362465
366	10	23	1.471871
366	12	13	1.482444
366	16	17	1.158568
366	18	19	1.358498
366	20	21	1.277605
366	26	27	1.335340
366	28	29	1.371640
367	0	1	1.384504
367	2	3	1.218937
367	5	24	1.357469
367	7	14	1.224377
367	8	9	1.471291
367	10	23	1.399593
367	12	13	1.458055
367	16	17	1.154566
367	18	19	1.270058
367	20	21	1.103726
367	26	27	1.290181
367	28	29	1.416071
368	0	1	1.257241
368	2	3	1.360859
368	5	24	1.114897
368	7	14	1.486180
368	8	9	1.316798
368	10	23	1.232283
368	12	13	1.246106
368	16	17	1.233079
368	18	19	1.303756
368	20	21	1.337486
368	26	27	1.147594
368	28	29	1.196972
369	0	1	1.427930
369	2	3	1.305925
369	5	24	1.047905
369	7	14	1.282769
369	8	9	1.192643
369	10	23	1.486662
369	12	13	1.134767
369	16	17	1.336695
369	18	19	0.954127
369	20	21	1.167373
369	26	27	1.337773
369	28	29	1.398700
370	0	1	1.209073
370	2	3	1.320044
370	5	24	1.051461
370	8	9	1.317919
370	10	23	1.281070
370	12	13	1.251890
370	16	17	1.187348
370	18	19	1.151467
370	20	21	1.416757
370	26	27	1.445602
370	28	29	1.194389
371	0	1	1.297769
371	2	3	1.269176
371	5	24	1.255162
371	8	9	1.217051
371	10	23	1.342959
371	12	13	1.100476
371	16	17	1.128893
371	18	19	1.284053
371	20	21	1.354741
371	26	27	1.009797
371	28	29	1.238380
372	0	1	1.391302
372	2	3	1.100646
372	5	24	1.498295
372	8	9	1.445163
372	10	23	1.034547
372	12	13	1.389777
372	16	17	1.465835
372	18	19	1.220747
372	20	21	1.055906
372	26	27	1.101703
372	28	29	1.416588
373	0	1	1.263521
373	2	3	1.221345
373	5	24	1.272044
373	8	9	1.235712
373	10	23	1.190242
373	12	13	1.102094
373	16	17	1.063109
373	18	19	1.073003
373	20	21	1.432664
373	26	27	1.139033
373	28	29	1.203831
374	0	1	1.259705
374	2	3	1.415364
374	5	24	1.472027
374	8	9	1.180180
374	10	23	1.327279
374	12	13	1.401688
374	16	17	1.276609
374	18	19	1.293707
374	20	21	1.271538
374	26	27	1.088316
374	28	29	1.419889
375	0	1	1.457772
375	2	3	1.235914
375	5	24	1.343698
375	7	14	1.421774
375	8	9	1.354496
375	10	23	1.147658
375	12	13	1.162497
375	16	17	1.212319
375	18	19	1.251698
375	20	21	1.105105
375	26	27	1.092716
375	28	29	1.438245
376	0	1	1.405067
376	2	3	1.396330
376	5	24	1.261269
376	7	14	1.376598
376	8	9	1.066154
376	10	23	1.214062
376	12	13	1.123371
376	16	17	1.167786
376	18	19	1.267992
376	20	21	1.236105
376	26	27	1.217376
376	28	29	1.422884
377	0	1	1.451150
377	2	3	1.390465
377	5	24	1.360325
377	7	14	1.061047
377	8	9	1.154273
377	10	23	1.432273
377	12	13	1.481713
377	16	17	1.140975
377	18	19	1.224596
377	20	21	1.362882
377	26	27	1.407815
377	28	29	1.464348
378	0	1	1.054348
378	2	3	1.239942
378	5	24	1.128020
378	7	14	0.973419
378	8	9	1.294605
378	10	23	1.381167
378	12	13	1.393670
378	16	17	1.476740
378	18	19	1.455003
378	20	21	1.181304
378	26	27	1.196269
378	28	29	1.384369
379	0	1	1.249170
379	2	3	1.374033
379	5	24	1.192822
379	7	14	1.407656
379	8	9	1.447841
379	10	23	1.324297
379	12	13	1.464092
379	16	17	1.227071
379	18	19	1.273512
379	20	21	0.998492
379	26	27	1.269909
379	28	29	1.231010
380	0	1	1.137974
380	2	3	1.301749
380	5	24	1.121776
380	7	14	1.352951
380	8	9	1.107925
380	10	23	1.234080
380	12	13	1.077878
380	16	17	1.370452
380	18	19	1.106311
380	20	21	1.287595
380	26	27	1.332308
380	28	29	1.319619
381	0	1	1.430672
381	2	3	1.144564
381	5	24	1.340069
381	7	14	1.128229
381	8	9	1.048357
381	10	23	1.196019
381	12	13	1.300082
381	16	17	1.184079
381	18	19	1.537404
381	20	21	1.397270
381	26	27	1.216809
381	28	29	1.171319
382	0	1	1.369980
382	2	3	1.471322
382	5	24	1.213137
382	7	14	1.156758
382	8	9	1.370392
382	10	23	1.260095
382	12	13	1.448028
382	16	17	1.187296
382	18	19	1.469864
382	20	21	1.390190
382	26	27	1.164909
382	28	29	1.448350
383	0	1	1.091546
383	2	3	1.133998
383	5	24	1.183556
383	7	14	1.469872
383	8	9	1.193995
383	10	23	1.518448
383	16	17	1.068564
383	18	19	1.520541
383	20	21	1.122236
383	26	27	1.111723
383	28	29	1.433664
384	0	1	1.083823
384	2	3	1.255486
384	5	24	1.204159
384	7	14	1.014844
384	8	9	1.392360
384	10	23	1.249577
384	13	22	1.123660
384	16	17	1.462781
384	18	19	1.311666
384	20	21	1.457484
384	26	27	1.411113
384	28	29	1.330961
385	0	1	1.440876
385	2	3	1.259876
385	5	24	1.433467
385	7	14	1.198019
385	8	9	1.504599
385	10	23	1.326724
385	13	22	1.440234
385	16	17	1.460265
385	18	19	1.344223
385	20	21	1.150487
385	26	27	1.217333
385	28	29	1.278418
386	0	1	0.961962
386	2	3	1.189609
386	5	24	1.349741
386	7	14	1.202040
386	8	9	1.374738
386	10	23	1.199912
386	13	22	1.325655
386	16	17	1.400463
386	18	19	1.307061
386	20	21	1.274338
386	26	27	1.210412
386	28	29	1.432879
387	0	1	0.897700
387	2	3	1.287937
387	5	24	1.082684
387	7	14	1.205280
387	8	9	1.175356
387	10	23	1.456219
387	13	22	1.239732
387	16	17	1.246466
387	18	19	1.242745
387	20	21	1.473528
387	26	27	1.152502
387	28	29	1.238453
388	0	1	1.409614
388	2	3	1.398251
388	5	24	1.452463
388	7	14	1.033973
388	8	9	1.418403
388	10	23	1.387730
388	13	22	1.637103
388	16	17	1.407343
388	18	19	1.465624
388	20	21	1.113590
388	26	27	1.355378
388	28	29	1.392032
389	0	1	1.101300
389	2	3	1.121153
389	5	24	1.476869
389	7	14	1.200708
389	8	9	1.212345
389	10	23	1.495825
389	13	22	1.130209
389	16	17	1.140281
389	18	19	1.045224
389	20	21	1.098109
389	26	27	1.246621
389	28	29	1.370116
390	0	1	1.010113
390	2	3	1.356727
390	5	24	1.164216
390	7	14	1.378906
390	8	9	1.401918
390	10	23	1.550823
390	13	22	1.478559
390	16	17	1.206982
390	18	19	1.063947
390	20	21	1.242835
390	26	27	1.391963
390	28	29	1.321261
391	0	1	1.070111
391	2	3	1.491408
391	5	24	1.324925
391	7	14	1.241446
391	8	9	1.144631
391	10	23	1.389536
391	13	22	1.321436
391	16	17	1.251109
391	18	19	1.111322
391	20	21	1.072718
391	26	27	1.127768
391	28	29	1.336764
392	0	1	1.327860
392	2	3	1.224180
392	5	24	1.201109
392	7	14	1.432564
392	8	9	1.297606
392	10	23	1.478915
392	13	22	1.419369
392	16	17	1.256637
392	18	19	1.362390
392	20	21	1.051816
392	26	27	1.096639
392	28	29	1.243431
393	0	1	1.224883
393	2	3	1.438326
393	5	24	1.503741
393	7	14	1.430530
393	8	9	1.247727
393	10	23	1.479913
393	13	22	1.294933
393	16	17	1.045565
393	18	19	0.991808
393	20	21	1.334906
393	26	27	1.493775
393	28	29	1.319459
394	0	1	1.065423
394	2	3	1.503959
394	5	24	1.332230
394	7	14	1.096921
394	8	9	1.319562
394	10	23	1.052060
394	13	22	1.507020
394	16	17	1.214175
394	18	19	1.215632
394	20	21	1.423805
394	26	27	1.395326
394	28	29	1.345535
395	0	1	1.112773
395	2	3	1.438889
395	5	24	1.068178
395	7	14	1.406396
395	8	9	1.403393
395	10	23	1.206177
395	13	22	1.200749
395	16	17	1.461999
395	18	19	1.118345
395	20	21	1.248137
395	26	27	1.437854
395	28	29	1.370761
396	0	1	1.085317
396	2	3	1.329806
396	5	24	1.096296
396	7	14	1.051936
396	8	9	1.217056
396	10	23	1.256154
396	13	22	1.267701
396	16	17	1.115137
396	18	19	1.389217
396	20	21	1.413007
396	26	27	1.261180
396	28	29	1.450312
397	0	1	1.359635
397	2	3	1.541168
397	5	24	1.253519
397	7	14	1.452685
397	8	9	1.309021
397	10	23	1.244799
397	13	22	1.195864
397	16	17	1.310677
397	18	19	1.356608
397	20	21	1.294130
397	26	27	1.382385
397	28	29	1.349157
398	0	1	1.065026
398	2	3	1.223820
398	5	24	1.144800
398	7	14	1.376681
398	8	9	1.456460
398	10	23	1.403649
398	13	22	1.288609
398	16	17	1.227683
398	18	19	1.250049
398	20	21	1.102080
398	26	27	1.383929
398	28	29	1.426323
399	0	1	1.433146
399	2	3	1.082750
399	5	24	1.401000
399	7	14	1.102706
399	8	9	1.259244
399	10	23	1.259425
399	13	22	1.032707
399	16	17	1.534978
399	18	19	1.283795
399	20	21	1.222682
399	26	27	1.296278
399	28	29	1.518616
400	0	1	1.031644
400	2	3	1.211593
400	5	24	1.127302
400	7	14	1.044371
400	8	9	1.288821
400	10	23	1.402514
400	13	22	1.394501
400	16	17	1.046828
400	18	19	1.389620
400	20	21	1.386537
400	26	27	1.415079
400	28	29	1.301630
401	0	1	1.306812
401	2	3	1.559407
401	5	24	1.319811
401	7	14	1.444906
401	8	9	1.128779
401	10	23	1.302919
401	13	22	1.449093
401	16	17	1.199031
401	18	19	1.471135
401	20	21	1.382900
401	26	27	1.277451
401	28	29	1.438322
402	0	1	1.078345
402	2	3	1.308301
402	5	24	1.347490
402	7	14	1.213302
402	8	9	1.431740
402	10	23	1.417707
402	13	22	1.450980
402	16	17	1.404419
402	18	19	1.313808
402	26	27	1.418357
402	28	29	1.420770
403	0	1	1.264965
403	2	3	1.095717
403	5	24	1.317027
403	7	14	1.181691
403	8	9	1.265372
403	10	23	1.352447
403	13	22	1.479058
403	16	17	1.407814
403	18	19	1.251081
403	20	21	1.265978
403	26	27	1.097561
403	28	29	1.100632
404	0	1	1.393192
404	2	3	1.181267
404	5	24	1.226304
404	7	14	1.346200
404	8	9	1.377528
404	10	23	1.133795
404	13	22	1.515699
404	16	17	1.320160
404	18	19	1.532121
404	20	21	1.281747
404	26	27	1.416625
404	28	29	1.374934
405	0	1	1.601598
405	2	3	1.303865
405	5	24	1.354628
405	7	14	1.453767
405	8	9	1.360767
405	10	23	1.492069
405	13	22	1.384162
405	16	17	1.166015
405	18	19	1.181164
405	20	21	1.224318
405	26	27	1.443585
405	28	29	1.435613
406	0	1	1.264486
406	2	3	1.187319
406	5	24	1.427269
406	7	14	1.278879
406	8	9	1.234359
406	10	23	1.314400
406	13	22	1.243059
406	16	17	1.192960
406	18	19	1.274486
406	20	21	1.152458
406	26	27	1.226852
406	28	29	1.207486
407	0	1	1.174395
407	2	3	1.165171
407	5	24	1.168581
407	7	14	1.089740
407	8	9	1.426329
407	10	23	1.404926
407	13	22	1.072667
407	16	17	1.021048
407	18	19	1.266649
407	20	21	1.271547
407	26	27	1.374434
407	28	29	1.463544
408	0	1	1.364513
408	2	3	1.018574
408	5	24	1.391254
408	7	14	1.054046
408	8	9	1.309954
408	10	23	1.360852
408	13	22	1.361284
408	16	17	1.428301
408	18	19	1.163060
408	20	21	1.259215
408	26	27	1.135617
408	28	29	1.065324
409	0	1	1.538214
409	2	3	1.017178
409	5	24	1.379103
409	7	14	1.395938
409	8	9	1.459749
409	10	23	1.350705
409	13	22	1.149078
409	16	17	1.106400
409	18	19	1.375352
409	20	21	1.355993
409	26	27	1.067041
409	28	29	1.179436
410	0	1	1.227130
410	2	3	1.328269
410	5	24	1.044667
410	7	14	1.478047
410	8	9	0.994069
410	10	23	1.272360
410	13	22	1.452379
410	16	17	1.372001
410	18	19	1.270243
410	20	21	1.505986
410	26	27	1.243233
410	28	29	1.503975
411	0	1	1.352736
411	2	3	1.035399
411	5	24	1.486938
411	7	14	1.230238
411	8	9	1.245092
411	10	23	1.162608
411	13	22	1.275316
411	16	17	1.086602
411	18	19	1.357239
411	20	21	1.154558
411	26	27	1.328631
411	28	29	1.182363
412	0	1	1.458695
412	2	3	1.099877
412	5	24	1.460001
412	7	14	1.284574
412	8	9	1.443472
412	10	23	1.014133
412	13	22	1.202116
412	16	17	1.398051
412	18	19	1.064178
412	20	21	1.347863
412	26	27	1.185292
412	28	29	1.133097
413	0	1	1.083716
413	2	3	1.425044
413	5	24	1.305996
413	7	14	1.461007
413	8	9	1.187631
413	10	23	1.469840
413	13	22	1.403635
413	16	17	1.177364
413	18	19	1.103177
413	20	21	1.296412
413	26	27	1.190082
413	28	29	1.305751
414	0	1	1.064190
414	2	3	1.305232
414	5	24	1.152660
414	7	14	1.481517
414	8	9	1.336158
414	10	23	1.110388
414	13	22	1.483871
414	16	17	1.528455
414	18	19	1.207220
414	20	21	1.413706
414	26	27	1.198436
414	28	29	1.292294
415	0	1	1.317549
415	2	3	1.458477
415	5	24	1.174116
415	7	14	1.311058
415	8	9	1.419853
415	10	23	1.438359
415	13	22	1.068427
415	16	17	1.407332
415	18	19	1.165465
415	20	21	1.447626
415	26	27	1.108462
415	28	29	1.138031
416	0	1	1.451102
416	2	3	1.072092
416	5	24	1.353616
416	7	14	1.500612
416	8	9	1.114804
416	10	23	1.430937
416	13	22	1.468843
416	16	17	1.320494
416	18	19	1.161332
416	20	21	1.227609
416	26	27	1.246172
416	28	29	1.444559
417	0	1	1.318891
417	2	3	1.114639
417	5	24	1.408236
417	7	14	1.445294
417	8	9	1.453995
417	10	23	1.373200
417	13	22	1.005808
417	16	17	1.099051
417	18	19	1.177637
417	20	21	1.536706
417	26	27	1.362250
417	28	29	1.204110
418	0	1	1.477033
418	2	3	1.320766
418	5	24	1.235266
418	7	14	1.475184
418	8	9	1.439926
418	10	23	1.257570
418	13	22	1.117606
418	18	19	1.113474
418	20	21	1.309311
418	26	27	1.116879
418	28	29	1.315611
419	0	1	1.070362
419	2	3	1.446507
419	5	24	1.307478
419	7	14	1.079326
419	8	9	1.038280
419	10	23	1.457311
419	13	22	1.396843
419	18	19	1.202795
419	20	21	1.074272
419	28	29	1.313107
420	0	1	1.292311
420	2	3	1.477450
420	5	24	1.259123
420	7	14	1.359279
420	8	9	1.490122
420	10	23	1.193157
420	13	22	1.363431
420	18	19	1.153356
420	20	21	1.048148
420	28	29	1.229198
421	0	1	1.355580
421	2	3	1.341746
421	5	24	1.415251
421	7	14	1.238411
421	8	9	1.390625
421	10	23	1.172478
421	13	22	1.156304
421	16	17	1.461496
421	18	19	1.287604
421	20	21	1.039672
421	28	29	1.292395
422	0	1	1.325821
422	2	3	1.344230
422	5	24	1.429705
422	7	14	1.402961
422	8	9	1.491184
422	10	23	1.318732
422	13	22	1.304284
422	16	17	1.382213
422	18	19	1.282078
422	20	21	1.388545
422	28	29	1.392021
423	0	1	1.443518
423	2	3	1.438023
423	5	24	1.027117
423	7	14	1.081568
423	8	9	1.282128
423	10	23	1.043237
423	13	22	1.252514
423	16	17	1.356281
423	18	19	1.501058
423	20	21	1.404587
423	28	29	1.213924
424	0	1	1.429275
424	2	3	1.189516
424	5	24	1.247359
424	7	14	1.426114
424	8	9	1.439740
424	10	23	1.101358
424	13	22	1.330680
424	16	17	1.178139
424	18	19	1.359679
424	20	21	1.365237
424	28	29	1.313006
425	2	3	1.358454
425	5	24	1.500399
425	7	14	1.260866
425	8	9	1.065778
425	10	23	1.380799
425	13	22	1.089634
425	16	17	1.048433
425	18	19	1.177781
425	20	21	1.414248
425	28	29	1.055463
426	2	3	1.337329
426	5	24	1.324038
426	7	14	1.100831
426	8	9	1.340718
426	10	23	1.270795
426	13	22	1.447361
426	16	17	1.460856
426	18	19	1.260281
426	20	21	1.436744
426	28	29	1.319190
427	2	3	1.528582
427	5	24	1.295344
427	7	14	1.389951
427	8	9	1.263417
427	10	23	1.207672
427	13	22	1.523147
427	16	17	1.403279
427	18	19	1.550447
427	20	21	1.424090
427	28	29	1.354061
428	2	3	1.273990
428	5	24	1.030955
428	7	14	1.096331
428	8	9	1.422504
428	10	23	1.184325
428	13	22	1.512186
428	16	17	1.311249
428	18	19	1.379948
428	20	21	1.396906
428	28	29	1.007723
429	2	3	1.336189
429	5	24	1.291120
429	7	14	1.243584
429	8	9	1.321133
429	10	23	1.175340
429	13	22	1.351375
429	16	17	1.418310
429	18	19	1.369285
429	20	21	1.236596
429	28	29	1.243004
430	2	3	1.432555
430	5	24	1.326282
430	7	14	1.326026
430	8	9	1.391986
430	10	23	1.191027
430	13	22	1.315299
430	16	17	1.037513
430	18	19	1.185123
430	20	21	119.596362
430	28	29	1.336088
431	2	3	1.242550
431	5	24	1.215872
431	7	14	1.038605
431	8	9	1.371760
431	10	23	1.219169
431	13	22	1.124465
431	16	17	1.461343
431	18	19	1.436202
431	20	21	0.975387
431	28	29	1.467834
432	2	3	1.535324
432	5	24	1.089038
432	7	14	1.182660
432	8	9	1.191307
432	10	23	1.195744
432	13	22	1.407773
432	16	17	1.375176
432	18	19	1.522339
432	20	21	1.068686
432	28	29	0.993869
433	2	3	1.092382
433	5	24	1.234497
433	7	14	1.184196
433	8	9	1.459141
433	10	23	1.346114
433	13	22	1.514401
433	16	17	1.391445
433	18	19	1.412291
433	20	21	1.084504
433	28	29	1.295123
434	2	3	1.156597
434	5	24	1.004079
434	7	14	1.403795
434	8	9	1.308541
434	10	23	1.077300
434	13	22	1.177002
434	16	17	1.356803
434	18	19	1.318999
434	20	21	1.158600
434	28	29	0.977009
435	2	3	1.493362
435	5	24	1.285537
435	7	14	1.332278
435	8	9	1.334425
435	10	23	1.455883
435	13	22	1.099349
435	16	17	1.265114
435	18	19	1.385300
435	20	21	1.349899
435	28	29	1.250923
436	2	3	1.267930
436	5	24	1.370790
436	7	14	1.220410
436	8	9	1.156885
436	10	23	1.263284
436	13	22	1.128263
436	16	17	1.350931
436	18	19	0.976118
436	20	21	1.157151
436	28	29	1.200316
437	2	3	1.367624
437	5	24	1.399160
437	7	14	1.010077
437	8	9	1.300899
437	10	23	1.345212
437	13	22	1.199262
437	16	17	1.429363
437	18	19	1.191980
437	20	21	1.168228
437	28	29	1.089464
438	2	3	1.161256
438	5	24	1.540753
438	7	14	1.430998
438	8	9	1.166352
438	10	23	1.057261
438	13	22	1.212434
438	16	17	1.271054
438	18	19	1.090267
438	20	21	1.428175
438	28	29	1.520254
439	2	3	1.271223
439	5	24	1.060363
439	7	14	1.497195
439	8	9	1.314864
439	10	23	1.445326
439	13	22	1.172681
439	16	17	1.429545
439	18	19	1.283048
439	20	21	1.329296
439	28	29	1.262029
440	2	3	1.176616
440	5	24	1.263773
440	7	14	1.305421
440	8	9	1.450829
440	10	23	1.069700
440	13	22	1.427379
440	16	17	1.396505
440	18	19	1.418370
440	20	21	1.224640
441	2	3	1.107069
441	5	24	1.229801
441	7	14	1.268592
441	8	9	1.407241
441	10	23	1.278688
441	16	17	1.447140
441	18	19	1.060712
441	20	21	1.371702
442	2	3	1.031215
442	5	24	1.328281
442	7	14	1.371132
442	8	9	1.463139
442	10	23	1.345202
442	16	17	1.407995
442	18	19	1.113842
442	20	21	1.438210
443	2	3	1.211169
443	5	24	1.368270
443	7	14	1.583752
443	8	9	1.415763
443	10	23	1.281649
443	16	17	1.132722
443	18	19	1.263471
443	20	21	1.416543
444	2	3	1.339729
444	5	24	1.384136
444	7	14	1.410667
444	8	9	1.399416
444	10	23	1.413243
444	13	22	1.060338
444	16	17	1.505827
444	20	21	1.365513
445	2	3	1.456336
445	5	24	1.500969
445	7	14	1.297266
445	8	9	1.423338
445	10	23	1.459005
445	13	22	1.068635
445	16	17	1.386476
445	20	21	1.289044
446	2	3	1.452663
446	5	24	1.158883
446	7	14	1.447376
446	8	9	1.362936
446	10	23	1.246298
446	13	22	1.258129
446	16	17	1.397135
446	20	21	1.316243
447	2	3	1.305992
447	5	24	1.255231
447	7	14	1.281444
447	8	9	1.212133
447	10	23	1.247282
447	13	22	1.380379
447	15	18	1.162818
447	16	17	1.429859
447	20	21	1.055215
448	2	3	1.313126
448	5	24	1.156860
448	7	14	1.469555
448	8	9	1.226998
448	10	23	1.479353
448	13	22	1.405936
448	16	17	1.041400
448	20	21	1.483050
449	2	3	1.170870
449	5	24	1.224633
449	7	14	1.137167
449	8	9	1.232886
449	10	23	1.324859
449	13	22	1.428183
449	16	17	1.264208
449	20	21	1.352758
450	2	3	1.332616
450	5	24	1.091241
450	7	14	1.138416
450	8	9	1.441020
450	10	23	1.071758
450	13	22	1.386161
450	16	17	1.236905
450	18	19	119.594333
450	20	21	1.373576
451	2	3	1.287710
451	5	24	1.142410
451	7	14	1.349252
451	8	9	1.385082
451	10	23	1.450631
451	13	22	0.943547
451	16	17	1.433957
451	18	19	119.617301
451	20	21	1.291556
452	2	3	1.353331
452	7	14	1.008112
452	8	9	1.200520
452	10	23	1.406781
452	13	22	1.342096
452	16	17	1.175812
452	18	19	1.416009
452	20	21	1.351748
453	2	3	1.097725
453	7	14	1.175051
453	8	9	1.415802
453	10	23	1.216643
453	16	17	1.131855
453	20	21	1.344918
454	2	3	1.126315
454	7	14	1.399818
454	8	9	1.137648
454	10	23	1.270259
454	13	22	1.347964
454	16	17	1.258373
454	20	21	1.388944
455	2	3	1.096967
455	7	14	1.333589
455	8	9	1.356841
455	10	23	1.282426
455	13	22	1.281129
455	16	17	1.415238
455	20	21	1.143173
456	2	3	1.457345
456	7	14	1.230797
456	8	9	1.344018
456	10	23	1.338176
456	13	22	1.223369
456	15	18	1.518359
456	16	17	1.074300
456	20	21	1.400681
457	2	3	1.400053
457	7	14	1.472471
457	8	9	1.116713
457	10	23	1.022150
457	13	22	1.358550
457	15	18	1.243962
457	16	17	1.484616
457	20	21	1.470280
458	2	3	1.386065
458	7	14	1.427807
458	8	9	1.303344
458	10	23	1.232090
458	13	22	1.062162
458	15	18	1.218985
458	16	17	1.252954
458	20	21	1.182953
459	2	3	1.278314
459	7	14	1.060400
459	8	9	1.054110
459	10	23	1.365950
459	13	22	1.299141
459	15	18	1.168755
459	16	17	1.111906
459	20	21	1.443700
460	2	3	1.275452
460	7	14	1.507455
460	8	9	1.436307
460	10	23	1.267478
460	13	22	1.140919
460	15	18	1.491110
460	16	17	1.357389
460	20	21	1.387103
461	2	3	1.460341
461	7	14	1.178728
461	8	9	1.432787
461	10	23	1.442085
461	13	22	1.033411
461	15	18	1.424589
461	16	17	1.329087
461	20	21	1.523450
462	2	3	1.101546
462	7	14	1.236378
462	8	9	1.400983
462	10	23	1.364716
462	13	22	1.123428
462	15	18	1.265345
462	16	17	1.277018
462	20	21	1.049636
463	2	3	1.439406
463	7	14	1.392362
463	8	9	1.232323
463	10	23	1.458889
463	13	22	1.253438
463	15	18	1.242905
463	16	17	1.414213
463	20	21	1.270202
464	2	3	1.240738
464	5	24	1.472063
464	7	14	1.358228
464	8	9	1.216093
464	10	23	1.190469
464	13	22	1.386791
464	15	18	1.495631
464	16	17	1.147776
464	20	21	1.134050
465	2	3	1.116883
465	5	24	1.089698
465	7	14	1.509550
465	8	9	1.152050
465	10	23	1.469964
465	13	22	1.067275
465	15	18	1.205143
465	16	17	1.407808
465	20	21	1.258128
466	2	3	1.224827
466	5	24	1.180363
466	7	14	1.370770
466	8	9	1.034586
466	10	23	1.261272
466	13	22	1.172752
466	15	18	119.667736
466	16	17	1.379803
466	20	21	1.455294
467	2	3	1.285959
467	5	24	1.140968
467	7	14	1.275047
467	8	9	1.433472
467	10	23	1.190953
467	13	22	1.034716
467	15	18	1.172844
467	16	17	1.450047
467	20	21	1.277521
468	2	3	1.413653
468	5	24	1.432018
468	7	14	1.365990
468	8	9	1.410033
468	10	23	1.350251
468	13	22	1.258250
468	15	18	1.395219
468	16	17	1.175802
468	20	21	1.263291
469	2	3	1.461145
469	5	24	1.262317
469	7	14	1.433468
469	8	9	1.373162
469	10	23	1.474952
469	13	22	1.412211
469	15	18	1.281650
469	16	17	1.476080
469	20	21	1.196496
470	2	3	1.388644
470	5	24	1.152486
470	7	14	1.474396
470	8	9	1.150630
470	10	23	1.138054
470	13	22	1.348178
470	15	18	1.286946
470	16	17	1.261030
470	20	21	1.326657
471	2	3	1.081518
471	5	24	1.486720
471	7	14	1.205984
471	8	9	1.417868
471	10	23	1.386266
471	13	22	1.154623
471	15	18	1.478642
471	16	17	1.301878
471	20	21	1.301744
472	2	3	1.181574
472	5	24	1.343161
472	7	14	1.295772
472	8	9	1.384210
472	10	23	1.427376
472	13	22	1.222887
472	15	18	1.401951
472	16	17	1.279503
472	20	21	1.051611
473	2	3	1.504081
473	5	24	1.184543
473	7	14	1.123382
473	8	9	1.166830
473	10	23	1.377151
473	13	22	1.433318
473	15	18	1.241398
473	20	21	1.426858
474	2	3	1.444268
474	5	24	1.358685
474	7	14	1.394026
474	8	9	1.369276
474	10	23	1.523313
474	13	22	1.281703
474	15	18	1.319405
474	20	21	1.351722
475	2	3	1.128666
475	5	24	0.930927
475	7	14	1.235364
475	8	9	1.338428
475	10	23	1.154358
475	13	22	1.483611
475	15	18	1.143328
475	20	21	1.156386
476	2	3	1.222865
476	5	24	1.347785
476	7	14	1.421781
476	8	9	1.151412
476	10	23	1.410724
476	13	22	1.322792
476	15	18	1.386891
476	20	21	1.134571
477	2	3	1.423708
477	5	24	1.240160
477	7	14	1.110234
477	8	9	1.178656
477	10	23	1.425243
477	13	22	1.323472
477	15	18	1.218138
477	20	21	1.372640
478	2	3	1.163044
478	5	24	1.222610
478	7	14	1.347379
478	8	9	1.389651
478	10	23	1.408954
478	13	22	1.092733
478	15	18	1.401885
478	16	17	1.429955
478	20	21	1.334252
479	2	3	1.276315
479	5	24	1.268355
479	7	14	1.207410
479	8	9	1.245655
479	10	23	1.305382
479	13	22	1.074237
479	15	18	1.250969
479	16	17	1.142571
479	20	21	1.523516
480	2	3	1.436249
480	5	24	1.454174
480	7	14	1.198526
480	8	9	1.500918
480	10	23	1.241091
480	13	22	1.136307
480	15	18	1.135708
480	16	17	1.082695
480	20	21	1.477436
481	2	3	1.014940
481	5	24	1.159029
481	7	14	1.270766
481	8	9	1.120566
481	10	23	1.474676
481	13	22	1.395521
481	15	18	1.081726
481	16	17	1.128497
481	20	21	1.059798
482	2	3	1.429714
482	5	24	1.459672
482	7	14	1.389146
482	8	9	1.089082
482	10	23	1.446792
482	13	22	1.457104
482	15	18	1.091305
482	16	17	1.375452
482	20	21	1.299902
483	2	3	1.515143
483	5	24	1.225398
483	7	14	1.404904
483	8	9	1.299345
483	10	23	1.075620
483	13	22	1.365238
483	15	18	1.272545
483	16	17	1.419620
483	20	21	1.178108
484	2	3	1.238295
484	5	24	1.090459
484	7	14	1.289052
484	8	9	1.214192
484	10	23	1.065658
484	13	22	1.340170
484	15	18	1.329066
484	16	17	1.308187
484	20	21	1.329469
485	2	3	1.496822
485	5	24	1.104038
485	7	14	1.349079
485	8	9	1.460565
485	10	23	1.330829
485	13	22	1.158553
485	15	18	1.297839
485	16	17	1.462472
485	20	21	1.044990
486	2	3	1.193126
486	5	24	1.284804
486	7	14	1.394458
486	8	9	1.384932
486	10	23	1.263266
486	13	22	1.356850
486	15	18	1.184276
486	16	17	1.299235
486	20	21	1.261240
487	2	3	1.055809
487	5	24	1.169169
487	7	14	1.491790
487	8	9	1.468044
487	10	23	1.150137
487	13	22	1.402143
487	15	18	1.189937
487	16	17	1.082610
487	20	21	1.219596
488	2	3	1.164718
488	5	24	1.190259
488	7	14	1.206541
488	8	9	1.106522
488	10	23	1.188419
488	13	22	1.493251
488	15	18	1.376697
488	16	17	1.212586
488	20	21	1.014312
489	2	3	1.460393
489	5	24	1.183057
489	7	14	1.179164
489	8	9	1.409890
489	10	23	1.224270
489	13	22	1.040019
489	15	18	1.145281
489	16	17	1.109491
489	20	21	1.329762
490	2	3	1.228922
490	5	24	1.079057
490	7	14	1.280417
490	8	9	1.306839
490	10	23	1.424537
490	13	22	1.285262
490	15	18	1.215026
490	16	17	1.230463
490	20	21	1.116017
491	2	3	1.453039
491	5	24	1.138512
491	7	14	1.233873
491	8	9	1.489566
491	10	23	1.274698
491	13	22	1.326897
491	15	18	1.178701
491	16	17	1.101956
491	20	21	1.271812
492	2	3	1.386251
492	5	24	1.400407
492	7	14	1.065939
492	8	9	1.180489
492	10	23	1.384048
492	13	22	1.243790
492	15	18	1.401799
492	16	17	1.389748
492	20	21	1.372330
493	2	3	1.367437
493	5	24	1.129854
493	7	14	1.473280
493	8	9	1.088468
493	10	23	1.331192
493	13	22	1.473937
493	15	18	1.250062
493	16	17	1.052707
493	20	21	1.170405
494	2	3	1.292208
494	5	24	1.213085
494	7	14	1.372074
494	8	9	1.504111
494	10	23	1.156979
494	13	22	1.435944
494	15	18	1.499356
494	16	17	1.478717
494	20	21	1.042839
495	2	3	1.458942
495	5	24	1.013230
495	7	14	1.263248
495	8	9	1.431906
495	10	23	1.391719
495	13	22	1.065231
495	15	18	1.388133
495	16	17	1.043835
495	20	21	1.376133
496	2	3	1.470459
496	5	24	1.163049
496	7	14	1.142586
496	8	9	1.505340
496	10	23	1.421357
496	13	22	1.151531
496	15	18	1.247195
496	16	17	1.233990
496	20	21	1.458999
497	2	3	1.476546
497	5	24	1.435381
497	7	14	1.090304
497	8	9	1.337643
497	10	23	1.228165
497	13	22	1.484159
497	15	18	1.409220
497	16	17	1.093782
497	20	21	1.462692
498	2	3	1.267251
498	5	24	1.204324
498	7	14	1.026110
498	8	9	1.379614
498	10	23	1.131821
498	13	22	1.262576
498	15	18	1.463809
498	16	17	1.301714
498	20	21	1.194417
499	2	3	1.356624
499	5	24	1.186114
499	7	14	1.501892
499	8	9	1.421417
499	10	23	1.112261
499	13	22	1.332532
499	15	18	1.141460
499	16	17	1.348111
499	20	21	1.345337
